{"type": "FeatureCollection", "features": [{"type": "Feature", "properties": {"old": "Kolpingstraße", "new": "Winarskystraße", "st": "Kolpingstraße", "hn": "21", "n": 100, "year": "1940"}, "geometry": {"type": "Point", "coordinates": [16.344, 48.1386]}}, {"type": "Feature", "properties": {"old": "Kolpingstraße", "new": "Winarskystraße", "st": "Kolpingstraße", "hn": "18", "n": 226, "year": "1940"}, "geometry": {"type": "Point", "coordinates": [16.3434, 48.1387]}}, {"type": "Feature", "properties": {"old": "Kolpingstraße", "new": "Winarskystraße", "st": "Kolpingstraße", "hn": "19", "n": 11, "year": "1940"}, "geometry": {"type": "Point", "coordinates": [16.3442, 48.1389]}}, {"type": "Feature", "properties": {"old": "Kolpingstraße", "new": "Winarskystraße", "st": "Kolpingstraße", "hn": "17", "n": 12, "year": "1940"}, "geometry": {"type": "Point", "coordinates": [16.3442, 48.1393]}}, {"type": "Feature", "properties": {"old": "Kolpingstraße", "new": "Winarskystraße", "st": "Kolpingstraße", "hn": "12", "n": 1, "year": "1940"}, "geometry": {"type": "Point", "coordinates": [16.3437, 48.1396]}}, {"type": "Feature", "properties": {"old": "Kolpingstraße", "new": "Winarskystraße", "st": "Kolpingstraße", "hn": "15-21", "n": 31, "year": "1940"}, "geometry": {"type": "Point", "coordinates": [16.3443, 48.1396]}}, {"type": "Feature", "properties": {"old": "Kolpingstraße", "new": "Winarskystraße", "st": "Kolpingstraße", "hn": "3", "n": 2, "year": "1940"}, "geometry": {"type": "Point", "coordinates": [16.3433, 48.1412]}}, {"type": "Feature", "properties": {"old": "Ganghofergasse", "new": "Mühlsangergasse", "st": "Ganghofergasse", "hn": "33", "n": 4, "year": "1940"}, "geometry": {"type": "Point", "coordinates": [16.4628, 48.1483]}}, {"type": "Feature", "properties": {"old": "Ganghofergasse", "new": "Mühlsangergasse", "st": "Ganghofergasse", "hn": "34", "n": 15, "year": "1940"}, "geometry": {"type": "Point", "coordinates": [16.4625, 48.1484]}}, {"type": "Feature", "properties": {"old": "Ganghofergasse", "new": "Mühlsangergasse", "st": "Ganghofergasse", "hn": "32", "n": 17, "year": "1940"}, "geometry": {"type": "Point", "coordinates": [16.4628, 48.1484]}}, {"type": "Feature", "properties": {"old": "Hauckgasse", "new": "Oppenheimgasse", "st": "Hauckg.", "hn": "16", "n": 1, "year": "1940"}, "geometry": {"type": "Point", "coordinates": [16.402, 48.1537]}}, {"type": "Feature", "properties": {"old": "Steinlegasse", "new": "Lang-Gasse", "st": "Steinlegasse", "hn": "16", "n": 12, "year": "1940"}, "geometry": {"type": "Point", "coordinates": [16.2761, 48.1582]}}, {"type": "Feature", "properties": {"old": "Steinlegasse", "new": "Lang-Gasse", "st": "Steinlegasse", "hn": "10", "n": 1, "year": "1940"}, "geometry": {"type": "Point", "coordinates": [16.277, 48.1586]}}, {"type": "Feature", "properties": {"old": "Metznerstraße", "new": "Liebenstraße", "st": "Metznerstr.", "hn": "48", "n": 8, "year": "1940"}, "geometry": {"type": "Point", "coordinates": [16.3251, 48.1695]}}, {"type": "Feature", "properties": {"old": "Dühringweg", "new": "Fürthweg", "st": "Dühringweg", "hn": "6", "n": 2, "year": "1940"}, "geometry": {"type": "Point", "coordinates": [16.2887, 48.1714]}}, {"type": "Feature", "properties": {"old": "Dühringweg", "new": "Fürthweg", "st": "Dühringweg", "hn": "5", "n": 1, "year": "1940"}, "geometry": {"type": "Point", "coordinates": [16.2886, 48.1717]}}, {"type": "Feature", "properties": {"old": "Dühringweg", "new": "Fürthweg", "st": "Dühringweg", "hn": "4", "n": 1, "year": "1940"}, "geometry": {"type": "Point", "coordinates": [16.2883, 48.1718]}}, {"type": "Feature", "properties": {"old": "Hüsinggasse", "new": "Ranzenhofergasse", "st": "Hüsingg.", "hn": "3", "n": 1, "year": "1940"}, "geometry": {"type": "Point", "coordinates": [16.2782, 48.1735]}}, {"type": "Feature", "properties": {"old": "Hüsinggasse", "new": "Ranzenhofergasse", "st": "Hüsingg.", "hn": "4", "n": 1, "year": "1940"}, "geometry": {"type": "Point", "coordinates": [16.2785, 48.1735]}}, {"type": "Feature", "properties": {"old": "Hüsinggasse", "new": "Ranzenhofergasse", "st": "Hüsingg.", "hn": "9", "n": 2, "year": "1940"}, "geometry": {"type": "Point", "coordinates": [16.2782, 48.1736]}}, {"type": "Feature", "properties": {"old": "Hüsinggasse", "new": "Ranzenhofergasse", "st": "Hüsingg", "hn": "", "n": 7, "year": "1940"}, "geometry": {"type": "Point", "coordinates": [16.2785, 48.1736]}}, {"type": "Feature", "properties": {"old": "Kempelengasse", "new": "Thavonatgasse", "st": "Kempelengasse", "hn": "16", "n": 53, "year": "1940"}, "geometry": {"type": "Point", "coordinates": [16.3932, 48.1736]}}, {"type": "Feature", "properties": {"old": "Hüsinggasse", "new": "Ranzenhofergasse", "st": "Hüsingg.", "hn": "10", "n": 2, "year": "1940"}, "geometry": {"type": "Point", "coordinates": [16.2784, 48.1737]}}, {"type": "Feature", "properties": {"old": "Hüsinggasse", "new": "Ranzenhofergasse", "st": "Hüsingg.", "hn": "17", "n": 1, "year": "1940"}, "geometry": {"type": "Point", "coordinates": [16.278, 48.1738]}}, {"type": "Feature", "properties": {"old": "Hüsinggasse", "new": "Ranzenhofergasse", "st": "Hüsingg.", "hn": "18", "n": 1, "year": "1940"}, "geometry": {"type": "Point", "coordinates": [16.2783, 48.1738]}}, {"type": "Feature", "properties": {"old": "Kempelengasse", "new": "Thavonatgasse", "st": "Kempelengasse", "hn": "14", "n": 44, "year": "1940"}, "geometry": {"type": "Point", "coordinates": [16.3933, 48.1738]}}, {"type": "Feature", "properties": {"old": "Hüsinggasse", "new": "Ranzenhofergasse", "st": "Hüsingg.", "hn": "29", "n": 1, "year": "1940"}, "geometry": {"type": "Point", "coordinates": [16.2775, 48.174]}}, {"type": "Feature", "properties": {"old": "Kempelengasse", "new": "Thavonatgasse", "st": "Kempelengasse", "hn": "10", "n": 7, "year": "1940"}, "geometry": {"type": "Point", "coordinates": [16.3934, 48.1741]}}, {"type": "Feature", "properties": {"old": "Hüsinggasse", "new": "Ranzenhofergasse", "st": "Hüsingg.", "hn": "44", "n": 1, "year": "1940"}, "geometry": {"type": "Point", "coordinates": [16.2776, 48.1742]}}, {"type": "Feature", "properties": {"old": "Hüsinggasse", "new": "Ranzenhofergasse", "st": "Hüsingg.", "hn": "36", "n": 1, "year": "1940"}, "geometry": {"type": "Point", "coordinates": [16.2779, 48.1742]}}, {"type": "Feature", "properties": {"old": "Stranitzkygasse", "new": "Dawisongasse", "st": "Stranitzkygasse", "hn": "5", "n": 2, "year": "1940"}, "geometry": {"type": "Point", "coordinates": [16.3177, 48.1749]}}, {"type": "Feature", "properties": {"old": "Kempelengasse", "new": "Thavonatgasse", "st": "Kempelengasse", "hn": "4", "n": 39, "year": "1940"}, "geometry": {"type": "Point", "coordinates": [16.3936, 48.1749]}}, {"type": "Feature", "properties": {"old": "Kempelengasse", "new": "Thavonatgasse", "st": "Kempelengasse", "hn": "2", "n": 37, "year": "1940"}, "geometry": {"type": "Point", "coordinates": [16.3937, 48.1751]}}, {"type": "Feature", "properties": {"old": "Starhemberggasse", "new": "Graf-Starhemberg-Gasse", "st": "Graf-Starhemberg-Gasse", "hn": "47", "n": 8, "year": "1940"}, "geometry": {"type": "Point", "coordinates": [16.37277, 48.18703]}}, {"type": "Feature", "properties": {"old": "Starhemberggasse", "new": "Graf-Starhemberg-Gasse", "st": "Graf=Starhemberg Starhemberg=G. 44. Barovnica Helene, Pens", "hn": "", "n": 21, "year": "1940"}, "geometry": {"type": "Point", "coordinates": [16.3723, 48.18709]}}, {"type": "Feature", "properties": {"old": "Starhemberggasse", "new": "Graf-Starhemberg-Gasse", "st": "Starhembergg.", "hn": "45", "n": 18, "year": "1940"}, "geometry": {"type": "Point", "coordinates": [16.37264, 48.18719]}}, {"type": "Feature", "properties": {"old": "Starhemberggasse", "new": "Graf-Starhemberg-Gasse", "st": "GrafStarhemberg GrafStarhemberg=G.", "hn": "40", "n": 15, "year": "1940"}, "geometry": {"type": "Point", "coordinates": [16.37215, 48.18724]}}, {"type": "Feature", "properties": {"old": "Starhemberggasse", "new": "Graf-Starhemberg-Gasse", "st": "Graf=Starhemberg Starhemberg=G.", "hn": "43", "n": 18, "year": "1940"}, "geometry": {"type": "Point", "coordinates": [16.37251, 48.18734]}}, {"type": "Feature", "properties": {"old": "Starhemberggasse", "new": "Graf-Starhemberg-Gasse", "st": "Graf=Starhemberg Starhemberg=G.", "hn": "41", "n": 13, "year": "1940"}, "geometry": {"type": "Point", "coordinates": [16.37239, 48.18748]}}, {"type": "Feature", "properties": {"old": "Starhemberggasse", "new": "Graf-Starhemberg-Gasse", "st": "Starhembergg.", "hn": "38", "n": 2, "year": "1940"}, "geometry": {"type": "Point", "coordinates": [16.3719, 48.18765]}}, {"type": "Feature", "properties": {"old": "Starhemberggasse", "new": "Graf-Starhemberg-Gasse", "st": "Graf=Starhemberg Starhemberg=G.", "hn": "39", "n": 24, "year": "1940"}, "geometry": {"type": "Point", "coordinates": [16.37221, 48.18769]}}, {"type": "Feature", "properties": {"old": "Burgkmairgasse", "new": "Fleschgasse", "st": "Burgkmairgasse", "hn": "8", "n": 1, "year": "1940"}, "geometry": {"type": "Point", "coordinates": [16.2887, 48.188]}}, {"type": "Feature", "properties": {"old": "Blüchergasse", "new": "Arnsteingasse", "st": "Blücherg.", "hn": "2", "n": 6, "year": "1940"}, "geometry": {"type": "Point", "coordinates": [16.3323, 48.188]}}, {"type": "Feature", "properties": {"old": "Starhemberggasse", "new": "Graf-Starhemberg-Gasse", "st": "Graf-Starhemberg-Gasse", "hn": "37", "n": 9, "year": "1940"}, "geometry": {"type": "Point", "coordinates": [16.37194, 48.18802]}}, {"type": "Feature", "properties": {"old": "Starhemberggasse", "new": "Graf-Starhemberg-Gasse", "st": "Graf=Starhemberg Starhemberg=G.", "hn": "34", "n": 10, "year": "1940"}, "geometry": {"type": "Point", "coordinates": [16.37145, 48.1881]}}, {"type": "Feature", "properties": {"old": "Starhemberggasse", "new": "Graf-Starhemberg-Gasse", "st": "Graf=Starhemberg Starhemberg=G.", "hn": "35", "n": 8, "year": "1940"}, "geometry": {"type": "Point", "coordinates": [16.37181, 48.18817]}}, {"type": "Feature", "properties": {"old": "Blüchergasse", "new": "Arnsteingasse", "st": "Blücherg.", "hn": "4", "n": 12, "year": "1940"}, "geometry": {"type": "Point", "coordinates": [16.3322, 48.1882]}}, {"type": "Feature", "properties": {"old": "Starhemberggasse", "new": "Graf-Starhemberg-Gasse", "st": "Graf-Starhemberg-Gasse", "hn": "32", "n": 18, "year": "1940"}, "geometry": {"type": "Point", "coordinates": [16.37129, 48.18828]}}, {"type": "Feature", "properties": {"old": "Starhemberggasse", "new": "Graf-Starhemberg-Gasse", "st": "Graf=Starhemberg Starhemberg=G.", "hn": "33", "n": 10, "year": "1940"}, "geometry": {"type": "Point", "coordinates": [16.37181, 48.18833]}}, {"type": "Feature", "properties": {"old": "Blüchergasse", "new": "Arnsteingasse", "st": "Blücherg.", "hn": "5", "n": 11, "year": "1940"}, "geometry": {"type": "Point", "coordinates": [16.3318, 48.1884]}}, {"type": "Feature", "properties": {"old": "Blüchergasse", "new": "Arnsteingasse", "st": "Blücherg.", "hn": "6", "n": 6, "year": "1940"}, "geometry": {"type": "Point", "coordinates": [16.3321, 48.1884]}}, {"type": "Feature", "properties": {"old": "Blüchergasse", "new": "Arnsteingasse", "st": "Blücherg.", "hn": "7", "n": 11, "year": "1940"}, "geometry": {"type": "Point", "coordinates": [16.3317, 48.1885]}}, {"type": "Feature", "properties": {"old": "Starhemberggasse", "new": "Graf-Starhemberg-Gasse", "st": "Graf-Starhemberg-Gasse", "hn": "31", "n": 5, "year": "1940"}, "geometry": {"type": "Point", "coordinates": [16.37156, 48.18851]}}, {"type": "Feature", "properties": {"old": "Blüchergasse", "new": "Arnsteingasse", "st": "Blücherg.", "hn": "8", "n": 11, "year": "1940"}, "geometry": {"type": "Point", "coordinates": [16.3319, 48.1886]}}, {"type": "Feature", "properties": {"old": "Starhemberggasse", "new": "Graf-Starhemberg-Gasse", "st": "Graf-Starhemberg-Gasse", "hn": "29", "n": 17, "year": "1940"}, "geometry": {"type": "Point", "coordinates": [16.3714, 48.18866]}}, {"type": "Feature", "properties": {"old": "Starhemberggasse", "new": "Graf-Starhemberg-Gasse", "st": "Starhembergasse", "hn": "30", "n": 1, "year": "1940"}, "geometry": {"type": "Point", "coordinates": [16.37105, 48.18867]}}, {"type": "Feature", "properties": {"old": "Blüchergasse", "new": "Arnsteingasse", "st": "Blücherg.", "hn": "9", "n": 6, "year": "1940"}, "geometry": {"type": "Point", "coordinates": [16.3316, 48.1887]}}, {"type": "Feature", "properties": {"old": "Starhemberggasse", "new": "Graf-Starhemberg-Gasse", "st": "Graf-Starhemberg-Gasse", "hn": "27", "n": 23, "year": "1940"}, "geometry": {"type": "Point", "coordinates": [16.37126, 48.18883]}}, {"type": "Feature", "properties": {"old": "Starhemberggasse", "new": "Graf-Starhemberg-Gasse", "st": "Graf-Starhemberg-Gasse", "hn": "28", "n": 10, "year": "1940"}, "geometry": {"type": "Point", "coordinates": [16.37086, 48.18888]}}, {"type": "Feature", "properties": {"old": "Blüchergasse", "new": "Arnsteingasse", "st": "Blücherg", "hn": "13", "n": 8, "year": "1940"}, "geometry": {"type": "Point", "coordinates": [16.3314, 48.1889]}}, {"type": "Feature", "properties": {"old": "Blüchergasse", "new": "Arnsteingasse", "st": "Blücherg.", "hn": "12", "n": 9, "year": "1940"}, "geometry": {"type": "Point", "coordinates": [16.3317, 48.1889]}}, {"type": "Feature", "properties": {"old": "Maitzengasse", "new": "Phorusgasse", "st": "Maitzeng.", "hn": "3", "n": 20, "year": "1940"}, "geometry": {"type": "Point", "coordinates": [16.3645, 48.189]}}, {"type": "Feature", "properties": {"old": "Starhemberggasse", "new": "Graf-Starhemberg-Gasse", "st": "Graf Starhemberg Starhemberg=G.", "hn": "25", "n": 6, "year": "1940"}, "geometry": {"type": "Point", "coordinates": [16.37111, 48.189]}}, {"type": "Feature", "properties": {"old": "Starhemberggasse", "new": "Graf-Starhemberg-Gasse", "st": "Graf-Starhemberg-Gasse", "hn": "26", "n": 22, "year": "1940"}, "geometry": {"type": "Point", "coordinates": [16.37074, 48.18903]}}, {"type": "Feature", "properties": {"old": "Blüchergasse", "new": "Arnsteingasse", "st": "Blücherg.", "hn": "15", "n": 8, "year": "1940"}, "geometry": {"type": "Point", "coordinates": [16.3313, 48.1891]}}, {"type": "Feature", "properties": {"old": "Starhemberggasse", "new": "Graf-Starhemberg-Gasse", "st": "Graf-Starhemberg-Gasse", "hn": "23", "n": 10, "year": "1940"}, "geometry": {"type": "Point", "coordinates": [16.37096, 48.18919]}}, {"type": "Feature", "properties": {"old": "Blüchergasse", "new": "Arnsteingasse", "st": "Blücherg.", "hn": "14", "n": 14, "year": "1940"}, "geometry": {"type": "Point", "coordinates": [16.3315, 48.1892]}}, {"type": "Feature", "properties": {"old": "Maitzengasse", "new": "Phorusgasse", "st": "Maitzeng.", "hn": "5", "n": 15, "year": "1940"}, "geometry": {"type": "Point", "coordinates": [16.3643, 48.1892]}}, {"type": "Feature", "properties": {"old": "Starhemberggasse", "new": "Graf-Starhemberg-Gasse", "st": "Graf-Starhemberg-Gasse", "hn": "24", "n": 4, "year": "1940"}, "geometry": {"type": "Point", "coordinates": [16.37059, 48.18924]}}, {"type": "Feature", "properties": {"old": "Maitzengasse", "new": "Phorusgasse", "st": "Maitzeng.", "hn": "7", "n": 22, "year": "1940"}, "geometry": {"type": "Point", "coordinates": [16.3641, 48.1893]}}, {"type": "Feature", "properties": {"old": "Maitzengasse", "new": "Phorusgasse", "st": "Maitzeng", "hn": "", "n": 33, "year": "1940"}, "geometry": {"type": "Point", "coordinates": [16.3646, 48.1893]}}, {"type": "Feature", "properties": {"old": "Starhemberggasse", "new": "Graf-Starhemberg-Gasse", "st": "Graf=Starhemberg Starhemberg=G.", "hn": "21", "n": 13, "year": "1940"}, "geometry": {"type": "Point", "coordinates": [16.37081, 48.18936]}}, {"type": "Feature", "properties": {"old": "Starhemberggasse", "new": "Graf-Starhemberg-Gasse", "st": "Graf-Starhemberg-Gasse", "hn": "22", "n": 11, "year": "1940"}, "geometry": {"type": "Point", "coordinates": [16.37043, 48.18939]}}, {"type": "Feature", "properties": {"old": "Blüchergasse", "new": "Arnsteingasse", "st": "Blücherg.", "hn": "17", "n": 11, "year": "1940"}, "geometry": {"type": "Point", "coordinates": [16.3312, 48.1895]}}, {"type": "Feature", "properties": {"old": "Blüchergasse", "new": "Arnsteingasse", "st": "Blücherg.", "hn": "16A", "n": 12, "year": "1940"}, "geometry": {"type": "Point", "coordinates": [16.3315, 48.1895]}}, {"type": "Feature", "properties": {"old": "Maitzengasse", "new": "Phorusgasse", "st": "Maitzeng.", "hn": "9", "n": 30, "year": "1940"}, "geometry": {"type": "Point", "coordinates": [16.364, 48.1895]}}, {"type": "Feature", "properties": {"old": "Blüchergasse", "new": "Arnsteingasse", "st": "Blücherg.", "hn": "19", "n": 12, "year": "1940"}, "geometry": {"type": "Point", "coordinates": [16.3312, 48.1896]}}, {"type": "Feature", "properties": {"old": "Blüchergasse", "new": "Arnsteingasse", "st": "Blücherg.", "hn": "16B", "n": 3, "year": "1940"}, "geometry": {"type": "Point", "coordinates": [16.3315, 48.1896]}}, {"type": "Feature", "properties": {"old": "Starhemberggasse", "new": "Graf-Starhemberg-Gasse", "st": "Graf-Starhemberg-Gasse", "hn": "20", "n": 9, "year": "1940"}, "geometry": {"type": "Point", "coordinates": [16.37018, 48.18969]}}, {"type": "Feature", "properties": {"old": "Blüchergasse", "new": "Arnsteingasse", "st": "Blücherg.", "hn": "18", "n": 13, "year": "1940"}, "geometry": {"type": "Point", "coordinates": [16.3315, 48.1897]}}, {"type": "Feature", "properties": {"old": "Starhemberggasse", "new": "Graf-Starhemberg-Gasse", "st": "Graf=Starhemberg", "hn": "", "n": 50, "year": "1940"}, "geometry": {"type": "Point", "coordinates": [16.37032, 48.18974]}}, {"type": "Feature", "properties": {"old": "Starhemberggasse", "new": "Graf-Starhemberg-Gasse", "st": "Graf-Starhemberg-Gasse", "hn": "17", "n": 11, "year": "1940"}, "geometry": {"type": "Point", "coordinates": [16.37045, 48.18978]}}, {"type": "Feature", "properties": {"old": "Blüchergasse", "new": "Arnsteingasse", "st": "Blücherg.", "hn": "21", "n": 12, "year": "1940"}, "geometry": {"type": "Point", "coordinates": [16.3312, 48.1898]}}, {"type": "Feature", "properties": {"old": "Starhemberggasse", "new": "Graf-Starhemberg-Gasse", "st": "Graf-Starhemberg-Gasse", "hn": "18", "n": 13, "year": "1940"}, "geometry": {"type": "Point", "coordinates": [16.37006, 48.18984]}}, {"type": "Feature", "properties": {"old": "Starhemberggasse", "new": "Graf-Starhemberg-Gasse", "st": "Graf=Starhemberg Starhemberg=G.", "hn": "15", "n": 6, "year": "1940"}, "geometry": {"type": "Point", "coordinates": [16.37033, 48.18993]}}, {"type": "Feature", "properties": {"old": "Starhemberggasse", "new": "Graf-Starhemberg-Gasse", "st": "Graf-Starhemberg-Gasse", "hn": "16", "n": 12, "year": "1940"}, "geometry": {"type": "Point", "coordinates": [16.36995, 48.18997]}}, {"type": "Feature", "properties": {"old": "Blüchergasse", "new": "Arnsteingasse", "st": "Blücherg.", "hn": "23", "n": 1, "year": "1940"}, "geometry": {"type": "Point", "coordinates": [16.3311, 48.19]}}, {"type": "Feature", "properties": {"old": "Maitzengasse", "new": "Phorusgasse", "st": "Maitzeng.", "hn": "6", "n": 1, "year": "1940"}, "geometry": {"type": "Point", "coordinates": [16.364, 48.19]}}, {"type": "Feature", "properties": {"old": "Blüchergasse", "new": "Arnsteingasse", "st": "Blücherg.", "hn": "25", "n": 21, "year": "1940"}, "geometry": {"type": "Point", "coordinates": [16.3311, 48.1902]}}, {"type": "Feature", "properties": {"old": "Maitzengasse", "new": "Phorusgasse", "st": "Maitzeng.", "hn": "10", "n": 4, "year": "1940"}, "geometry": {"type": "Point", "coordinates": [16.3634, 48.1902]}}, {"type": "Feature", "properties": {"old": "Blüchergasse", "new": "Arnsteingasse", "st": "Blücherg.", "hn": "22", "n": 20, "year": "1940"}, "geometry": {"type": "Point", "coordinates": [16.3314, 48.1903]}}, {"type": "Feature", "properties": {"old": "Blüchergasse", "new": "Arnsteingasse", "st": "Blücherg.", "hn": "27", "n": 16, "year": "1940"}, "geometry": {"type": "Point", "coordinates": [16.3311, 48.1904]}}, {"type": "Feature", "properties": {"old": "Scharnhorstgasse", "new": "Friesgasse", "st": "Scharnhorstg.", "hn": "9", "n": 3, "year": "1940"}, "geometry": {"type": "Point", "coordinates": [16.3336, 48.1904]}}, {"type": "Feature", "properties": {"old": "Scharnhorstgasse", "new": "Friesgasse", "st": "Scharnhorstg", "hn": "7", "n": 11, "year": "1940"}, "geometry": {"type": "Point", "coordinates": [16.334, 48.1904]}}, {"type": "Feature", "properties": {"old": "Maitzengasse", "new": "Phorusgasse", "st": "Maitzeng.", "hn": "12", "n": 7, "year": "1940"}, "geometry": {"type": "Point", "coordinates": [16.3633, 48.1904]}}, {"type": "Feature", "properties": {"old": "Blüchergasse", "new": "Arnsteingasse", "st": "Blücherg.", "hn": "24", "n": 14, "year": "1940"}, "geometry": {"type": "Point", "coordinates": [16.3314, 48.1905]}}, {"type": "Feature", "properties": {"old": "Scharnhorstgasse", "new": "Friesgasse", "st": "Scharnhorstg.", "hn": "2", "n": 10, "year": "1940"}, "geometry": {"type": "Point", "coordinates": [16.3345, 48.1905]}}, {"type": "Feature", "properties": {"old": "Maitzengasse", "new": "Phorusgasse", "st": "Maitzeng.", "hn": "14", "n": 11, "year": "1940"}, "geometry": {"type": "Point", "coordinates": [16.3631, 48.1905]}}, {"type": "Feature", "properties": {"old": "Blüchergasse", "new": "Arnsteingasse", "st": "Blücherg.", "hn": "29", "n": 13, "year": "1940"}, "geometry": {"type": "Point", "coordinates": [16.3311, 48.1906]}}, {"type": "Feature", "properties": {"old": "Maitzengasse", "new": "Phorusgasse", "st": "Maitzeng.", "hn": "16", "n": 6, "year": "1940"}, "geometry": {"type": "Point", "coordinates": [16.363, 48.1906]}}, {"type": "Feature", "properties": {"old": "Starhemberggasse", "new": "Graf-Starhemberg-Gasse", "st": "Graf StarhembergGae 37 Ilgen Josef, Packer", "hn": "", "n": 1, "year": "1940"}, "geometry": {"type": "Point", "coordinates": [16.36877, 48.19073]}}, {"type": "Feature", "properties": {"old": "Blüchergasse", "new": "Arnsteingasse", "st": "Blücherg.", "hn": "26", "n": 19, "year": "1940"}, "geometry": {"type": "Point", "coordinates": [16.3313, 48.1908]}}, {"type": "Feature", "properties": {"old": "Blüchergasse", "new": "Arnsteingasse", "st": "Blücherg.", "hn": "33", "n": 31, "year": "1940"}, "geometry": {"type": "Point", "coordinates": [16.3311, 48.191]}}, {"type": "Feature", "properties": {"old": "Blüchergasse", "new": "Arnsteingasse", "st": "Blücherg.", "hn": "28", "n": 4, "year": "1940"}, "geometry": {"type": "Point", "coordinates": [16.3313, 48.191]}}, {"type": "Feature", "properties": {"old": "Blüchergasse", "new": "Arnsteingasse", "st": "Blücherg.", "hn": "35", "n": 24, "year": "1940"}, "geometry": {"type": "Point", "coordinates": [16.331, 48.1912]}}, {"type": "Feature", "properties": {"old": "Blüchergasse", "new": "Arnsteingasse", "st": "Blücherg.", "hn": "30", "n": 16, "year": "1940"}, "geometry": {"type": "Point", "coordinates": [16.3313, 48.1912]}}, {"type": "Feature", "properties": {"old": "Starhemberggasse", "new": "Graf-Starhemberg-Gasse", "st": "Graf-Starhemberg-Gasse", "hn": "9", "n": 17, "year": "1940"}, "geometry": {"type": "Point", "coordinates": [16.36909, 48.19133]}}, {"type": "Feature", "properties": {"old": "Starhemberggasse", "new": "Graf-Starhemberg-Gasse", "st": "Graf-Starhemberg-Gasse", "hn": "8", "n": 1, "year": "1940"}, "geometry": {"type": "Point", "coordinates": [16.36879, 48.19135]}}, {"type": "Feature", "properties": {"old": "Jurekgasse", "new": "Pereiragasse", "st": "Jurekgasse", "hn": "31", "n": 8, "year": "1940"}, "geometry": {"type": "Point", "coordinates": [16.324, 48.1914]}}, {"type": "Feature", "properties": {"old": "Blüchergasse", "new": "Arnsteingasse", "st": "Blücherg", "hn": "", "n": 25, "year": "1940"}, "geometry": {"type": "Point", "coordinates": [16.3314, 48.1915]}}, {"type": "Feature", "properties": {"old": "Starhemberggasse", "new": "Graf-Starhemberg-Gasse", "st": "Graf-Starhemberg-Gasse", "hn": "7", "n": 25, "year": "1940"}, "geometry": {"type": "Point", "coordinates": [16.36898, 48.19154]}}, {"type": "Feature", "properties": {"old": "Starhemberggasse", "new": "Graf-Starhemberg-Gasse", "st": "Graf=Starhemberg Starhemberg=G.", "hn": "6", "n": 18, "year": "1940"}, "geometry": {"type": "Point", "coordinates": [16.36855, 48.19164]}}, {"type": "Feature", "properties": {"old": "Jurekgasse", "new": "Pereiragasse", "st": "Jurekgasse", "hn": "34", "n": 17, "year": "1940"}, "geometry": {"type": "Point", "coordinates": [16.3237, 48.1917]}}, {"type": "Feature", "properties": {"old": "Jurekgasse", "new": "Pereiragasse", "st": "Jurekgasse", "hn": "32", "n": 18, "year": "1940"}, "geometry": {"type": "Point", "coordinates": [16.3242, 48.1917]}}, {"type": "Feature", "properties": {"old": "Jurekgasse", "new": "Pereiragasse", "st": "Jurekgasse", "hn": "25", "n": 23, "year": "1940"}, "geometry": {"type": "Point", "coordinates": [16.3252, 48.1917]}}, {"type": "Feature", "properties": {"old": "Jurekgasse", "new": "Pereiragasse", "st": "Jurekgasse", "hn": "23", "n": 24, "year": "1940"}, "geometry": {"type": "Point", "coordinates": [16.3255, 48.1918]}}, {"type": "Feature", "properties": {"old": "Starhemberggasse", "new": "Graf-Starhemberg-Gasse", "st": "GrafStarhemberg GrafStarhemberg=G.", "hn": "5", "n": 49, "year": "1940"}, "geometry": {"type": "Point", "coordinates": [16.36873, 48.19187]}}, {"type": "Feature", "properties": {"old": "Jurekgasse", "new": "Pereiragasse", "st": "Jurekgasse", "hn": "30", "n": 2, "year": "1940"}, "geometry": {"type": "Point", "coordinates": [16.3251, 48.1919]}}, {"type": "Feature", "properties": {"old": "Starhemberggasse", "new": "Graf-Starhemberg-Gasse", "st": "GrafStarhemberg GrafStarhemberg=G.", "hn": "4", "n": 20, "year": "1940"}, "geometry": {"type": "Point", "coordinates": [16.36829, 48.19194]}}, {"type": "Feature", "properties": {"old": "Jurekgasse", "new": "Pereiragasse", "st": "Jurekgasse", "hn": "28", "n": 12, "year": "1940"}, "geometry": {"type": "Point", "coordinates": [16.3253, 48.192]}}, {"type": "Feature", "properties": {"old": "Jurekgasse", "new": "Pereiragasse", "st": "Jurekgasse", "hn": "17", "n": 8, "year": "1940"}, "geometry": {"type": "Point", "coordinates": [16.3265, 48.192]}}, {"type": "Feature", "properties": {"old": "Jurekgasse", "new": "Pereiragasse", "st": "Jurekgasse", "hn": "15", "n": 11, "year": "1940"}, "geometry": {"type": "Point", "coordinates": [16.3268, 48.192]}}, {"type": "Feature", "properties": {"old": "Starhemberggasse", "new": "Graf-Starhemberg-Gasse", "st": "Graf=Starhemberg Starhemberg=G.", "hn": "3", "n": 7, "year": "1940"}, "geometry": {"type": "Point", "coordinates": [16.36848, 48.19205]}}, {"type": "Feature", "properties": {"old": "Jurekgasse", "new": "Pereiragasse", "st": "Jurekgasse", "hn": "22", "n": 11, "year": "1940"}, "geometry": {"type": "Point", "coordinates": [16.3265, 48.1921]}}, {"type": "Feature", "properties": {"old": "Jurekgasse", "new": "Pereiragasse", "st": "Jurekgasse", "hn": "9A", "n": 3, "year": "1940"}, "geometry": {"type": "Point", "coordinates": [16.328, 48.1921]}}, {"type": "Feature", "properties": {"old": "Jurekgasse", "new": "Pereiragasse", "st": "Jurekgasse", "hn": "9", "n": 8, "year": "1940"}, "geometry": {"type": "Point", "coordinates": [16.3282, 48.1921]}}, {"type": "Feature", "properties": {"old": "Jurekgasse", "new": "Pereiragasse", "st": "Jurekgasse", "hn": "7A", "n": 1, "year": "1940"}, "geometry": {"type": "Point", "coordinates": [16.3283, 48.1921]}}, {"type": "Feature", "properties": {"old": "Jurekgasse", "new": "Pereiragasse", "st": "Jurekgasse", "hn": "20", "n": 8, "year": "1940"}, "geometry": {"type": "Point", "coordinates": [16.3267, 48.1922]}}, {"type": "Feature", "properties": {"old": "Jurekgasse", "new": "Pereiragasse", "st": "Jurekgasse", "hn": "14", "n": 8, "year": "1940"}, "geometry": {"type": "Point", "coordinates": [16.3279, 48.1922]}}, {"type": "Feature", "properties": {"old": "Jurekgasse", "new": "Pereiragasse", "st": "Jurekgasse", "hn": "3", "n": 47, "year": "1940"}, "geometry": {"type": "Point", "coordinates": [16.3293, 48.1922]}}, {"type": "Feature", "properties": {"old": "Starhemberggasse", "new": "Graf-Starhemberg-Gasse", "st": "Graf StarhembergGusse 14. Has", "hn": "", "n": 1, "year": "1940"}, "geometry": {"type": "Point", "coordinates": [16.36805, 48.1922]}}, {"type": "Feature", "properties": {"old": "Jurekgasse", "new": "Pereiragasse", "st": "Jurekgasse", "hn": "12", "n": 9, "year": "1940"}, "geometry": {"type": "Point", "coordinates": [16.3282, 48.1923]}}, {"type": "Feature", "properties": {"old": "Jurekgasse", "new": "Pereiragasse", "st": "Jurekgasse", "hn": "4", "n": 10, "year": "1940"}, "geometry": {"type": "Point", "coordinates": [16.3294, 48.1923]}}, {"type": "Feature", "properties": {"old": "Jurekgasse", "new": "Pereiragasse", "st": "Jurekgasse", "hn": "6", "n": 7, "year": "1940"}, "geometry": {"type": "Point", "coordinates": [16.3291, 48.1924]}}, {"type": "Feature", "properties": {"old": "Jurekgasse", "new": "Pereiragasse", "st": "Jurekgasse", "hn": "2", "n": 3, "year": "1940"}, "geometry": {"type": "Point", "coordinates": [16.3297, 48.1925]}}, {"type": "Feature", "properties": {"old": "Starhemberggasse", "new": "Graf-Starhemberg-Gasse", "st": "Graf-Starhemberg-Gasse", "hn": "2B", "n": 7, "year": "1940"}, "geometry": {"type": "Point", "coordinates": [16.36764, 48.19255]}}, {"type": "Feature", "properties": {"old": "Starhemberggasse", "new": "Graf-Starhemberg-Gasse", "st": "Graf-Starhemberg-Gasse", "hn": "1A", "n": 7, "year": "1940"}, "geometry": {"type": "Point", "coordinates": [16.3677, 48.19277]}}, {"type": "Feature", "properties": {"old": "Starhemberggasse", "new": "Graf-Starhemberg-Gasse", "st": "Graf Starhemberg=G. 6. Teil", "hn": "1", "n": 2, "year": "1940"}, "geometry": {"type": "Point", "coordinates": [16.36731, 48.19306]}}, {"type": "Feature", "properties": {"old": "Uhdegasse", "new": "Veithgasse", "st": "Uhdeg.", "hn": "9", "n": 3, "year": "1940"}, "geometry": {"type": "Point", "coordinates": [16.3796, 48.198]}}, {"type": "Feature", "properties": {"old": "Uhdegasse", "new": "Veithgasse", "st": "Uhdeg", "hn": "", "n": 6, "year": "1940"}, "geometry": {"type": "Point", "coordinates": [16.3791, 48.1983]}}, {"type": "Feature", "properties": {"old": "Uhdegasse", "new": "Veithgasse", "st": "Uhdeg.", "hn": "6", "n": 2, "year": "1940"}, "geometry": {"type": "Point", "coordinates": [16.3794, 48.1985]}}, {"type": "Feature", "properties": {"old": "Uhdegasse", "new": "Veithgasse", "st": "Uhdeg.", "hn": "5", "n": 6, "year": "1940"}, "geometry": {"type": "Point", "coordinates": [16.3797, 48.1985]}}, {"type": "Feature", "properties": {"old": "Uhdegasse", "new": "Veithgasse", "st": "Uhdeg.", "hn": "3", "n": 5, "year": "1940"}, "geometry": {"type": "Point", "coordinates": [16.3797, 48.1986]}}, {"type": "Feature", "properties": {"old": "Uhdegasse", "new": "Veithgasse", "st": "Uhdeg.", "hn": "4", "n": 3, "year": "1940"}, "geometry": {"type": "Point", "coordinates": [16.3794, 48.1987]}}, {"type": "Feature", "properties": {"old": "Frueaufweg", "new": "Herschmannweg", "st": "Frueaufweg", "hn": "3", "n": 1, "year": "1940"}, "geometry": {"type": "Point", "coordinates": [16.2848, 48.1994]}}, {"type": "Feature", "properties": {"old": "Frueaufweg", "new": "Herschmannweg", "st": "Frueaufweg", "hn": "2", "n": 1, "year": "1940"}, "geometry": {"type": "Point", "coordinates": [16.2851, 48.1994]}}, {"type": "Feature", "properties": {"old": "Schredtgasse", "new": "Neulinggasse", "st": "Schredtg", "hn": "", "n": 8, "year": "1940"}, "geometry": {"type": "Point", "coordinates": [16.3934, 48.1995]}}, {"type": "Feature", "properties": {"old": "Frueaufweg", "new": "Herschmannweg", "st": "Frueaufweg", "hn": "17", "n": 1, "year": "1940"}, "geometry": {"type": "Point", "coordinates": [16.2845, 48.2004]}}, {"type": "Feature", "properties": {"old": "Admiral-Scheer-Straße", "new": "Wehlistraße", "st": "AdmiralScheer AdmiralScheer=Str.", "hn": "309", "n": 8, "year": "1940"}, "geometry": {"type": "Point", "coordinates": [16.43887, 48.20049]}}, {"type": "Feature", "properties": {"old": "Admiral-Scheer-Straße", "new": "Wehlistraße", "st": "Admiral=ScheerStraße", "hn": "309", "n": 21, "year": "1940"}, "geometry": {"type": "Point", "coordinates": [16.4389, 48.2005]}}, {"type": "Feature", "properties": {"old": "Frueaufweg", "new": "Herschmannweg", "st": "Frueaufweg", "hn": "21", "n": 1, "year": "1940"}, "geometry": {"type": "Point", "coordinates": [16.2844, 48.2007]}}, {"type": "Feature", "properties": {"old": "Frueaufweg", "new": "Herschmannweg", "st": "Frueaufweg", "hn": "18", "n": 1, "year": "1940"}, "geometry": {"type": "Point", "coordinates": [16.2847, 48.2007]}}, {"type": "Feature", "properties": {"old": "Frueaufweg", "new": "Herschmannweg", "st": "Frueaufweg", "hn": "19", "n": 2, "year": "1940"}, "geometry": {"type": "Point", "coordinates": [16.2843, 48.2009]}}, {"type": "Feature", "properties": {"old": "Admiral-Scheer-Straße", "new": "Wehlistraße", "st": "Admiral=Scheer=Str.", "hn": "307", "n": 9, "year": "1940"}, "geometry": {"type": "Point", "coordinates": [16.4381, 48.2009]}}, {"type": "Feature", "properties": {"old": "Admiral-Scheer-Straße", "new": "Wehlistraße", "st": "AdmiralScheer AdmiralScheer=Str.", "hn": "305", "n": 5, "year": "1940"}, "geometry": {"type": "Point", "coordinates": [16.43783, 48.20147]}}, {"type": "Feature", "properties": {"old": "Admiral-Scheer-Straße", "new": "Wehlistraße", "st": "Admiral=ScheerStraße", "hn": "305", "n": 26, "year": "1940"}, "geometry": {"type": "Point", "coordinates": [16.4378, 48.2015]}}, {"type": "Feature", "properties": {"old": "Straße der Julikämpfer", "new": "Siebensterngasse", "st": "Straße der Julikämpfer", "hn": "31", "n": 10, "year": "1940"}, "geometry": {"type": "Point", "coordinates": [16.35151, 48.20198]}}, {"type": "Feature", "properties": {"old": "Straße der Julikämpfer", "new": "Siebensterngasse", "st": "Straße d. Julikämpfer", "hn": "43", "n": 2, "year": "1940"}, "geometry": {"type": "Point", "coordinates": [16.34933, 48.20204]}}, {"type": "Feature", "properties": {"old": "Straße der Julikämpfer", "new": "Siebensterngasse", "st": "Straße deJulikämpfer", "hn": "29", "n": 14, "year": "1940"}, "geometry": {"type": "Point", "coordinates": [16.3522, 48.20205]}}, {"type": "Feature", "properties": {"old": "Straße der Julikämpfer", "new": "Siebensterngasse", "st": "Str. d. Julikämpfer", "hn": "41", "n": 7, "year": "1940"}, "geometry": {"type": "Point", "coordinates": [16.34969, 48.20206]}}, {"type": "Feature", "properties": {"old": "Straße der Julikämpfer", "new": "Siebensterngasse", "st": "Straße der Julikampfer", "hn": "39", "n": 5, "year": "1940"}, "geometry": {"type": "Point", "coordinates": [16.34997, 48.20207]}}, {"type": "Feature", "properties": {"old": "Straße der Julikämpfer", "new": "Siebensterngasse", "st": "Straße der Julikämpfer", "hn": "27", "n": 11, "year": "1940"}, "geometry": {"type": "Point", "coordinates": [16.35256, 48.20211]}}, {"type": "Feature", "properties": {"old": "Straße der Julikämpfer", "new": "Siebensterngasse", "st": "Straße =der Julikämpfer", "hn": "35", "n": 6, "year": "1940"}, "geometry": {"type": "Point", "coordinates": [16.3507, 48.20212]}}, {"type": "Feature", "properties": {"old": "Straße der Julikämpfer", "new": "Siebensterngasse", "st": "Straße der Julikämpfer", "hn": "33", "n": 15, "year": "1940"}, "geometry": {"type": "Point", "coordinates": [16.35096, 48.20213]}}, {"type": "Feature", "properties": {"old": "Straße der Julikämpfer", "new": "Siebensterngasse", "st": "Straße der Julikämpfer", "hn": "25", "n": 18, "year": "1940"}, "geometry": {"type": "Point", "coordinates": [16.3528, 48.20213]}}, {"type": "Feature", "properties": {"old": "Straße der Julikämpfer", "new": "Siebensterngasse", "st": "Straße d. Julikämpfer", "hn": "23", "n": 24, "year": "1940"}, "geometry": {"type": "Point", "coordinates": [16.35303, 48.20213]}}, {"type": "Feature", "properties": {"old": "Straße der Julikämpfer", "new": "Siebensterngasse", "st": "Straße d. Julikämpfer Nr.", "hn": "21", "n": 15, "year": "1940"}, "geometry": {"type": "Point", "coordinates": [16.35329, 48.20216]}}, {"type": "Feature", "properties": {"old": "Straße der Julikämpfer", "new": "Siebensterngasse", "st": "Straße d. Julikämpfer", "hn": "19", "n": 4, "year": "1940"}, "geometry": {"type": "Point", "coordinates": [16.35354, 48.20219]}}, {"type": "Feature", "properties": {"old": "Kriemhildplatz", "new": "Kanzlerplatz", "st": "Kriemhildplatz", "hn": "3", "n": 123, "year": "1940"}, "geometry": {"type": "Point", "coordinates": [16.3282, 48.2022]}}, {"type": "Feature", "properties": {"old": "Straße der Julikämpfer", "new": "Siebensterngasse", "st": "Straße d. Julikämpfer", "hn": "17", "n": 9, "year": "1940"}, "geometry": {"type": "Point", "coordinates": [16.35377, 48.20221]}}, {"type": "Feature", "properties": {"old": "Straße der Julikämpfer", "new": "Siebensterngasse", "st": "Straße der Julikämpfer", "hn": "15", "n": 10, "year": "1940"}, "geometry": {"type": "Point", "coordinates": [16.354, 48.20221]}}, {"type": "Feature", "properties": {"old": "Straße der Julikämpfer", "new": "Siebensterngasse", "st": "Straße d. Julikämpfer", "hn": "58", "n": 7, "year": "1940"}, "geometry": {"type": "Point", "coordinates": [16.34966, 48.20226]}}, {"type": "Feature", "properties": {"old": "Straße der Julikämpfer", "new": "Siebensterngasse", "st": "Straße d. Julikämpfer", "hn": "56", "n": 6, "year": "1940"}, "geometry": {"type": "Point", "coordinates": [16.34994, 48.20228]}}, {"type": "Feature", "properties": {"old": "Straße der Julikämpfer", "new": "Siebensterngasse", "st": "Straße d. Julikämpfer", "hn": "54", "n": 5, "year": "1940"}, "geometry": {"type": "Point", "coordinates": [16.35018, 48.20229]}}, {"type": "Feature", "properties": {"old": "Straße der Julikämpfer", "new": "Siebensterngasse", "st": "Straßed. Julikämpfer", "hn": "38", "n": 11, "year": "1940"}, "geometry": {"type": "Point", "coordinates": [16.35207, 48.20229]}}, {"type": "Feature", "properties": {"old": "Straße der Julikämpfer", "new": "Siebensterngasse", "st": "Straße d. Julikämpfer", "hn": "32", "n": 4, "year": "1940"}, "geometry": {"type": "Point", "coordinates": [16.35253, 48.20229]}}, {"type": "Feature", "properties": {"old": "Straße der Julikämpfer", "new": "Siebensterngasse", "st": "Straße der Julikämpfer", "hn": "52", "n": 2, "year": "1940"}, "geometry": {"type": "Point", "coordinates": [16.35043, 48.20231]}}, {"type": "Feature", "properties": {"old": "Straße der Julikämpfer", "new": "Siebensterngasse", "st": "Straße d. Julikämpfer", "hn": "30", "n": 13, "year": "1940"}, "geometry": {"type": "Point", "coordinates": [16.35287, 48.20231]}}, {"type": "Feature", "properties": {"old": "Straße der Julikämpfer", "new": "Siebensterngasse", "st": "Straße d. Julikämpfer", "hn": "28", "n": 11, "year": "1940"}, "geometry": {"type": "Point", "coordinates": [16.35312, 48.20232]}}, {"type": "Feature", "properties": {"old": "Straße der Julikämpfer", "new": "Siebensterngasse", "st": "Straße d. Julikämpfer", "hn": "26", "n": 8, "year": "1940"}, "geometry": {"type": "Point", "coordinates": [16.35337, 48.20234]}}, {"type": "Feature", "properties": {"old": "Straße der Julikämpfer", "new": "Siebensterngasse", "st": "Straße d. Julikämpfer", "hn": "42", "n": 14, "year": "1940"}, "geometry": {"type": "Point", "coordinates": [16.35132, 48.20235]}}, {"type": "Feature", "properties": {"old": "Straße der Julikämpfer", "new": "Siebensterngasse", "st": "Str. d. Julikämpfer", "hn": "", "n": 87, "year": "1940"}, "geometry": {"type": "Point", "coordinates": [16.35309, 48.20236]}}, {"type": "Feature", "properties": {"old": "Straße der Julikämpfer", "new": "Siebensterngasse", "st": "Straße d. Julikämpfer", "hn": "20", "n": 14, "year": "1940"}, "geometry": {"type": "Point", "coordinates": [16.35417, 48.20244]}}, {"type": "Feature", "properties": {"old": "Straße der Julikämpfer", "new": "Siebensterngasse", "st": "Straße d. Julikämpfer", "hn": "16A", "n": 11, "year": "1940"}, "geometry": {"type": "Point", "coordinates": [16.35497, 48.20256]}}, {"type": "Feature", "properties": {"old": "Straße der Julikämpfer", "new": "Siebensterngasse", "st": "Straße der Julikämpfer", "hn": "9", "n": 5, "year": "1940"}, "geometry": {"type": "Point", "coordinates": [16.35607, 48.20256]}}, {"type": "Feature", "properties": {"old": "Straße der Julikämpfer", "new": "Siebensterngasse", "st": "Straße d. Julikämpfer", "hn": "7", "n": 4, "year": "1940"}, "geometry": {"type": "Point", "coordinates": [16.35636, 48.20261]}}, {"type": "Feature", "properties": {"old": "Straße der Julikämpfer", "new": "Siebensterngasse", "st": "Straße d. Julikämpfer", "hn": "16", "n": 7, "year": "1940"}, "geometry": {"type": "Point", "coordinates": [16.35525, 48.20262]}}, {"type": "Feature", "properties": {"old": "Straße der Julikämpfer", "new": "Siebensterngasse", "st": "Straßed. Julikämpfer", "hn": "5", "n": 3, "year": "1940"}, "geometry": {"type": "Point", "coordinates": [16.35663, 48.20266]}}, {"type": "Feature", "properties": {"old": "Straße der Julikämpfer", "new": "Siebensterngasse", "st": "Straße d. Julikämpfer 2", "hn": "3", "n": 6, "year": "1940"}, "geometry": {"type": "Point", "coordinates": [16.35688, 48.20271]}}, {"type": "Feature", "properties": {"old": "Straße der Julikämpfer", "new": "Siebensterngasse", "st": "Straße d. Julikämpfer", "hn": "12", "n": 1, "year": "1940"}, "geometry": {"type": "Point", "coordinates": [16.35605, 48.20285]}}, {"type": "Feature", "properties": {"old": "Straße der Julikämpfer", "new": "Siebensterngasse", "st": "Straße d. Julikämpfer", "hn": "4", "n": 7, "year": "1940"}, "geometry": {"type": "Point", "coordinates": [16.35648, 48.20286]}}, {"type": "Feature", "properties": {"old": "Straße der Julikämpfer", "new": "Siebensterngasse", "st": "Straße d. Julikämpfer", "hn": "2", "n": 9, "year": "1940"}, "geometry": {"type": "Point", "coordinates": [16.35685, 48.20293]}}, {"type": "Feature", "properties": {"old": "Straße der Julikämpfer", "new": "Siebensterngasse", "st": "Straße d. Julikämpfer", "hn": "46", "n": 43, "year": "1940"}, "geometry": {"type": "Point", "coordinates": [16.35087, 48.20301]}}, {"type": "Feature", "properties": {"old": "Hans-Schemm-Platz", "new": "Ludo-Hartmann-Platz", "st": "Hans=Schemm=Platz", "hn": "2", "n": 14, "year": "1940"}, "geometry": {"type": "Point", "coordinates": [16.33404, 48.20523]}}, {"type": "Feature", "properties": {"old": "Hans-Schemm-Platz", "new": "Ludo-Hartmann-Platz", "st": "Hans SchemmPlatz", "hn": "", "n": 13, "year": "1940"}, "geometry": {"type": "Point", "coordinates": [16.33436, 48.20524]}}, {"type": "Feature", "properties": {"old": "Adalbert-Schwarz-Gasse", "new": "Haymerlegasse", "st": "Adalb.=Schwarz=G.", "hn": "2", "n": 17, "year": "1940"}, "geometry": {"type": "Point", "coordinates": [16.3266, 48.20532]}}, {"type": "Feature", "properties": {"old": "Hans-Schemm-Platz", "new": "Ludo-Hartmann-Platz", "st": "Hans SchemmPlatz", "hn": "3", "n": 19, "year": "1940"}, "geometry": {"type": "Point", "coordinates": [16.33352, 48.20564]}}, {"type": "Feature", "properties": {"old": "Adalbert-Schwarz-Gasse", "new": "Haymerlegasse", "st": "Adalbert=SchwarzGasse", "hn": "6", "n": 20, "year": "1940"}, "geometry": {"type": "Point", "coordinates": [16.32672, 48.20566]}}, {"type": "Feature", "properties": {"old": "Adalbert-Schwarz-Gasse", "new": "Haymerlegasse", "st": "Adalb. Schwarz=G.", "hn": "5", "n": 2, "year": "1940"}, "geometry": {"type": "Point", "coordinates": [16.32642, 48.2057]}}, {"type": "Feature", "properties": {"old": "Hans-Schemm-Platz", "new": "Ludo-Hartmann-Platz", "st": "Hans=Schemm=Platz", "hn": "4", "n": 30, "year": "1940"}, "geometry": {"type": "Point", "coordinates": [16.33354, 48.20576]}}, {"type": "Feature", "properties": {"old": "Adalbert-Schwarz-Gasse", "new": "Haymerlegasse", "st": "Adalb.=SchwarzGasse", "hn": "8", "n": 19, "year": "1940"}, "geometry": {"type": "Point", "coordinates": [16.32677, 48.20581]}}, {"type": "Feature", "properties": {"old": "Hans-Schemm-Platz", "new": "Ludo-Hartmann-Platz", "st": "Hans=SchemmPlatz", "hn": "12", "n": 15, "year": "1940"}, "geometry": {"type": "Point", "coordinates": [16.33475, 48.20594]}}, {"type": "Feature", "properties": {"old": "Adalbert-Schwarz-Gasse", "new": "Haymerlegasse", "st": "AdalbertSchwarz AdalbertSchwarz=G.", "hn": "10", "n": 18, "year": "1940"}, "geometry": {"type": "Point", "coordinates": [16.32683, 48.20597]}}, {"type": "Feature", "properties": {"old": "Hans-Schemm-Platz", "new": "Ludo-Hartmann-Platz", "st": "Hans=Schemm=Platz", "hn": "", "n": 19, "year": "1940"}, "geometry": {"type": "Point", "coordinates": [16.33415, 48.20606]}}, {"type": "Feature", "properties": {"old": "Hans-Schemm-Platz", "new": "Ludo-Hartmann-Platz", "st": "Hans=Schemm=Platz", "hn": "5", "n": 18, "year": "1940"}, "geometry": {"type": "Point", "coordinates": [16.33346, 48.20623]}}, {"type": "Feature", "properties": {"old": "Hans-Schemm-Platz", "new": "Ludo-Hartmann-Platz", "st": "Hans Schemm=Platz", "hn": "", "n": 1, "year": "1940"}, "geometry": {"type": "Point", "coordinates": [16.33439, 48.20631]}}, {"type": "Feature", "properties": {"old": "Hans-Schemm-Platz", "new": "Ludo-Hartmann-Platz", "st": "Hans Schemm=Platz", "hn": "6", "n": 31, "year": "1940"}, "geometry": {"type": "Point", "coordinates": [16.33338, 48.20643]}}, {"type": "Feature", "properties": {"old": "Adalbert-Schwarz-Gasse", "new": "Haymerlegasse", "st": "Adalbert Schwarz=G.", "hn": "16", "n": 7, "year": "1940"}, "geometry": {"type": "Point", "coordinates": [16.32707, 48.2067]}}, {"type": "Feature", "properties": {"old": "Adalbert-Schwarz-Gasse", "new": "Haymerlegasse", "st": "Adalb. Schwarz=G.", "hn": "18", "n": 20, "year": "1940"}, "geometry": {"type": "Point", "coordinates": [16.32712, 48.20684]}}, {"type": "Feature", "properties": {"old": "Adalbert-Schwarz-Gasse", "new": "Haymerlegasse", "st": "AdalbertSchwarz AdalbertSchwarz=Gasse 20. Bahnbedienst", "hn": "", "n": 14, "year": "1940"}, "geometry": {"type": "Point", "coordinates": [16.32717, 48.20697]}}, {"type": "Feature", "properties": {"old": "Adalbert-Schwarz-Gasse", "new": "Haymerlegasse", "st": "Adalbert=SchwarzGasse", "hn": "86", "n": 21, "year": "1940"}, "geometry": {"type": "Point", "coordinates": [16.32702, 48.20704]}}, {"type": "Feature", "properties": {"old": "Adalbert-Schwarz-Gasse", "new": "Haymerlegasse", "st": "Adalb.=Schwarz=G.", "hn": "17", "n": 1, "year": "1940"}, "geometry": {"type": "Point", "coordinates": [16.3269, 48.20705]}}, {"type": "Feature", "properties": {"old": "Adalbert-Schwarz-Gasse", "new": "Haymerlegasse", "st": "Adalb.=Schwarz=G.", "hn": "22", "n": 16, "year": "1940"}, "geometry": {"type": "Point", "coordinates": [16.32721, 48.20711]}}, {"type": "Feature", "properties": {"old": "Adalbert-Schwarz-Gasse", "new": "Haymerlegasse", "st": "Adalb. Schwarz=G.", "hn": "19", "n": 2, "year": "1940"}, "geometry": {"type": "Point", "coordinates": [16.32684, 48.20717]}}, {"type": "Feature", "properties": {"old": "Adalbert-Schwarz-Gasse", "new": "Haymerlegasse", "st": "Adalbert=SchwarzGasse", "hn": "24", "n": 23, "year": "1940"}, "geometry": {"type": "Point", "coordinates": [16.32726, 48.20725]}}, {"type": "Feature", "properties": {"old": "Adalbert-Schwarz-Gasse", "new": "Haymerlegasse", "st": "Adalb. SchwarzGasse 23, Wohn", "hn": "", "n": 1, "year": "1940"}, "geometry": {"type": "Point", "coordinates": [16.3269, 48.20753]}}, {"type": "Feature", "properties": {"old": "Adalbert-Schwarz-Gasse", "new": "Haymerlegasse", "st": "Adalbert=SchwarzGasse", "hn": "28", "n": 15, "year": "1940"}, "geometry": {"type": "Point", "coordinates": [16.32749, 48.20769]}}, {"type": "Feature", "properties": {"old": "Adalbert-Schwarz-Gasse", "new": "Haymerlegasse", "st": "Adalbert=Schwarz.G.", "hn": "30", "n": 9, "year": "1940"}, "geometry": {"type": "Point", "coordinates": [16.3275, 48.20793]}}, {"type": "Feature", "properties": {"old": "Adalbert-Schwarz-Gasse", "new": "Haymerlegasse", "st": "Adalb. SchwarzGasse", "hn": "27", "n": 10, "year": "1940"}, "geometry": {"type": "Point", "coordinates": [16.3272, 48.20798]}}, {"type": "Feature", "properties": {"old": "Adalbert-Schwarz-Gasse", "new": "Haymerlegasse", "st": "Adalbert=Schwarz=G. 32. Joakim Richard, Kaufm", "hn": "", "n": 4, "year": "1940"}, "geometry": {"type": "Point", "coordinates": [16.32754, 48.20807]}}, {"type": "Feature", "properties": {"old": "Adalbert-Schwarz-Gasse", "new": "Haymerlegasse", "st": "Adalbert=SchwarzGasse", "hn": "29", "n": 14, "year": "1940"}, "geometry": {"type": "Point", "coordinates": [16.32718, 48.20812]}}, {"type": "Feature", "properties": {"old": "Adalbert-Schwarz-Gasse", "new": "Haymerlegasse", "st": "Adalb. Schwarz=G. 31. Josef Hilfsarb", "hn": "", "n": 1, "year": "1940"}, "geometry": {"type": "Point", "coordinates": [16.32729, 48.20823]}}, {"type": "Feature", "properties": {"old": "Adalbert-Schwarz-Gasse", "new": "Haymerlegasse", "st": "Adalb.Schwarz=G.", "hn": "34", "n": 2, "year": "1940"}, "geometry": {"type": "Point", "coordinates": [16.32761, 48.20827]}}, {"type": "Feature", "properties": {"old": "Adalbert-Schwarz-Gasse", "new": "Haymerlegasse", "st": "Adalbert=SchwarzGasse", "hn": "33", "n": 3, "year": "1940"}, "geometry": {"type": "Point", "coordinates": [16.32734, 48.20839]}}, {"type": "Feature", "properties": {"old": "Adalbert-Schwarz-Gasse", "new": "Haymerlegasse", "st": "Adalb Schwarz=G.", "hn": "35", "n": 4, "year": "1940"}, "geometry": {"type": "Point", "coordinates": [16.32739, 48.20853]}}, {"type": "Feature", "properties": {"old": "Adalbert-Schwarz-Gasse", "new": "Haymerlegasse", "st": "Adalbert=Schwarz=G.", "hn": "36", "n": 31, "year": "1940"}, "geometry": {"type": "Point", "coordinates": [16.3277, 48.20857]}}, {"type": "Feature", "properties": {"old": "Adalbert-Schwarz-Gasse", "new": "Haymerlegasse", "st": "Adalb.=SchwarzGasse 37, Wohn", "hn": "", "n": 1, "year": "1940"}, "geometry": {"type": "Point", "coordinates": [16.32736, 48.2088]}}, {"type": "Feature", "properties": {"old": "Adolf Hitler-Platz", "new": "Rathausplatz", "st": "Adolf=Hitler=Platz", "hn": "8", "n": 8, "year": "1940"}, "geometry": {"type": "Point", "coordinates": [16.3577, 48.2095]}}, {"type": "Feature", "properties": {"old": "Hölderlingasse", "new": "Kompertgasse", "st": "Hölderling.", "hn": "4", "n": 7, "year": "1940"}, "geometry": {"type": "Point", "coordinates": [16.5352, 48.2106]}}, {"type": "Feature", "properties": {"old": "Hölderlingasse", "new": "Kompertgasse", "st": "Hölderling.", "hn": "3", "n": 12, "year": "1940"}, "geometry": {"type": "Point", "coordinates": [16.5349, 48.2107]}}, {"type": "Feature", "properties": {"old": "Hölderlingasse", "new": "Kompertgasse", "st": "Hölderling.", "hn": "6", "n": 9, "year": "1940"}, "geometry": {"type": "Point", "coordinates": [16.5353, 48.2107]}}, {"type": "Feature", "properties": {"old": "Hölderlingasse", "new": "Kompertgasse", "st": "Hölderling.", "hn": "8", "n": 11, "year": "1940"}, "geometry": {"type": "Point", "coordinates": [16.5353, 48.2108]}}, {"type": "Feature", "properties": {"old": "Hölderlingasse", "new": "Kompertgasse", "st": "Hölderling.", "hn": "5", "n": 15, "year": "1940"}, "geometry": {"type": "Point", "coordinates": [16.5351, 48.2109]}}, {"type": "Feature", "properties": {"old": "Hölderlingasse", "new": "Kompertgasse", "st": "Hölderling.", "hn": "10", "n": 7, "year": "1940"}, "geometry": {"type": "Point", "coordinates": [16.5354, 48.211]}}, {"type": "Feature", "properties": {"old": "Hölderlingasse", "new": "Kompertgasse", "st": "Hölderling.", "hn": "7", "n": 15, "year": "1940"}, "geometry": {"type": "Point", "coordinates": [16.535, 48.2111]}}, {"type": "Feature", "properties": {"old": "Hölderlingasse", "new": "Kompertgasse", "st": "Hölderling.", "hn": "9", "n": 13, "year": "1940"}, "geometry": {"type": "Point", "coordinates": [16.5352, 48.2111]}}, {"type": "Feature", "properties": {"old": "Hölderlingasse", "new": "Kompertgasse", "st": "Hölderling.", "hn": "13", "n": 15, "year": "1940"}, "geometry": {"type": "Point", "coordinates": [16.5352, 48.2112]}}, {"type": "Feature", "properties": {"old": "Hölderlingasse", "new": "Kompertgasse", "st": "Hölderling.", "hn": "14", "n": 16, "year": "1940"}, "geometry": {"type": "Point", "coordinates": [16.5357, 48.2112]}}, {"type": "Feature", "properties": {"old": "Hölderlingasse", "new": "Kompertgasse", "st": "Hölderling", "hn": "", "n": 35, "year": "1940"}, "geometry": {"type": "Point", "coordinates": [16.5352, 48.2113]}}, {"type": "Feature", "properties": {"old": "Adolf Hitler-Platz", "new": "Rathausplatz", "st": "Adolf Hitler=Platz", "hn": "2", "n": 1, "year": "1940"}, "geometry": {"type": "Point", "coordinates": [16.3578, 48.2119]}}, {"type": "Feature", "properties": {"old": "Adolf Hitler-Platz", "new": "Rathausplatz", "st": "Adolf HitlerPlatz", "hn": "3", "n": 3, "year": "1940"}, "geometry": {"type": "Point", "coordinates": [16.3585, 48.212]}}, {"type": "Feature", "properties": {"old": "Adolf Hitler-Platz", "new": "Rathausplatz", "st": "Adolf Hitler=Platz", "hn": "4", "n": 4, "year": "1940"}, "geometry": {"type": "Point", "coordinates": [16.3585, 48.2122]}}, {"type": "Feature", "properties": {"old": "Mohapelgasse", "new": "Tempelgasse", "st": "Mohapelg.", "hn": "7", "n": 8, "year": "1940"}, "geometry": {"type": "Point", "coordinates": [16.3852, 48.2133]}}, {"type": "Feature", "properties": {"old": "Frankhplatz", "new": "Alser-Platz", "st": "Frankhplatz", "hn": "", "n": 3, "year": "1940"}, "geometry": {"type": "Point", "coordinates": [16.3557, 48.2136]}}, {"type": "Feature", "properties": {"old": "Mohapelgasse", "new": "Tempelgasse", "st": "Mohapelg.", "hn": "8", "n": 12, "year": "1940"}, "geometry": {"type": "Point", "coordinates": [16.3849, 48.2136]}}, {"type": "Feature", "properties": {"old": "Mohapelgasse", "new": "Tempelgasse", "st": "Mohapelg.", "hn": "6", "n": 4, "year": "1940"}, "geometry": {"type": "Point", "coordinates": [16.3848, 48.2138]}}, {"type": "Feature", "properties": {"old": "Kernstockplatz", "new": "Familienplatz", "st": "Kernstockplatz", "hn": "2", "n": 12, "year": "1940"}, "geometry": {"type": "Point", "coordinates": [16.31794, 48.21398]}}, {"type": "Feature", "properties": {"old": "Mohapelgasse", "new": "Tempelgasse", "st": "Mohapelg.", "hn": "4", "n": 10, "year": "1940"}, "geometry": {"type": "Point", "coordinates": [16.3848, 48.214]}}, {"type": "Feature", "properties": {"old": "Mohapelgasse", "new": "Tempelgasse", "st": "Mohapelg.", "hn": "3", "n": 6, "year": "1940"}, "geometry": {"type": "Point", "coordinates": [16.385, 48.2141]}}, {"type": "Feature", "properties": {"old": "Kernstockplatz", "new": "Familienplatz", "st": "Kernstockplatz", "hn": "3", "n": 9, "year": "1940"}, "geometry": {"type": "Point", "coordinates": [16.31777, 48.21429]}}, {"type": "Feature", "properties": {"old": "Kernstockplatz", "new": "Familienplatz", "st": "Kernstockplatz", "hn": "14", "n": 1, "year": "1940"}, "geometry": {"type": "Point", "coordinates": [16.31858, 48.21439]}}, {"type": "Feature", "properties": {"old": "Kernstockplatz", "new": "Familienplatz", "st": "Kernstockplatz", "hn": "4", "n": 10, "year": "1940"}, "geometry": {"type": "Point", "coordinates": [16.31782, 48.21442]}}, {"type": "Feature", "properties": {"old": "Kernstockplatz", "new": "Familienplatz", "st": "Kernstockplatz", "hn": "12", "n": 21, "year": "1940"}, "geometry": {"type": "Point", "coordinates": [16.31924, 48.21452]}}, {"type": "Feature", "properties": {"old": "Kernstockplatz", "new": "Familienplatz", "st": "Kernstockplatz", "hn": "", "n": 1, "year": "1940"}, "geometry": {"type": "Point", "coordinates": [16.31847, 48.21454]}}, {"type": "Feature", "properties": {"old": "Kernstockplatz", "new": "Familienplatz", "st": "Kernstockplatz", "hn": "5", "n": 10, "year": "1940"}, "geometry": {"type": "Point", "coordinates": [16.31786, 48.21455]}}, {"type": "Feature", "properties": {"old": "Kernstockplatz", "new": "Familienplatz", "st": "Kernstockplatz", "hn": "", "n": 16, "year": "1940"}, "geometry": {"type": "Point", "coordinates": [16.31926, 48.21466]}}, {"type": "Feature", "properties": {"old": "Kernstockplatz", "new": "Familienplatz", "st": "Kernstockplatz", "hn": "6", "n": 9, "year": "1940"}, "geometry": {"type": "Point", "coordinates": [16.31792, 48.21471]}}, {"type": "Feature", "properties": {"old": "Kernstockplatz", "new": "Familienplatz", "st": "Kernstockplatz", "hn": "10", "n": 19, "year": "1940"}, "geometry": {"type": "Point", "coordinates": [16.31928, 48.21479]}}, {"type": "Feature", "properties": {"old": "Frankhplatz", "new": "Alser-Platz", "st": "Frankhplatz", "hn": "2", "n": 1, "year": "1940"}, "geometry": {"type": "Point", "coordinates": [16.3564, 48.215]}}, {"type": "Feature", "properties": {"old": "Kernstockplatz", "new": "Familienplatz", "st": "Kernstockplatz", "hn": "8", "n": 7, "year": "1940"}, "geometry": {"type": "Point", "coordinates": [16.31857, 48.21513]}}, {"type": "Feature", "properties": {"old": "Stoffellagasse", "new": "Emiliegasse", "st": "Stoffellagasse", "hn": "7", "n": 6, "year": "1940"}, "geometry": {"type": "Point", "coordinates": [16.3926, 48.2153]}}, {"type": "Feature", "properties": {"old": "Planettaplatz", "new": "Parhamerplatz", "st": "Planettaplatz", "hn": "8", "n": 5, "year": "1940"}, "geometry": {"type": "Point", "coordinates": [16.3275, 48.2155]}}, {"type": "Feature", "properties": {"old": "Planettaplatz", "new": "Parhamerplatz", "st": "Planettaplatz", "hn": "7", "n": 5, "year": "1940"}, "geometry": {"type": "Point", "coordinates": [16.3276, 48.2155]}}, {"type": "Feature", "properties": {"old": "Planettaplatz", "new": "Parhamerplatz", "st": "Planettapl.", "hn": "6", "n": 33, "year": "1940"}, "geometry": {"type": "Point", "coordinates": [16.3278, 48.2155]}}, {"type": "Feature", "properties": {"old": "Frankhplatz", "new": "Alser-Platz", "st": "Frankhplatz", "hn": "", "n": 2, "year": "1940"}, "geometry": {"type": "Point", "coordinates": [16.3553, 48.2155]}}, {"type": "Feature", "properties": {"old": "Planettaplatz", "new": "Parhamerplatz", "st": "Planettaplatz", "hn": "9", "n": 7, "year": "1940"}, "geometry": {"type": "Point", "coordinates": [16.3272, 48.2156]}}, {"type": "Feature", "properties": {"old": "Planettaplatz", "new": "Parhamerplatz", "st": "Planettaplatz", "hn": "10", "n": 11, "year": "1940"}, "geometry": {"type": "Point", "coordinates": [16.3272, 48.2158]}}, {"type": "Feature", "properties": {"old": "Planettaplatz", "new": "Parhamerplatz", "st": "Planettaplatz", "hn": "18", "n": 1, "year": "1940"}, "geometry": {"type": "Point", "coordinates": [16.3277, 48.2158]}}, {"type": "Feature", "properties": {"old": "Planettaplatz", "new": "Parhamerplatz", "st": "Planettaplatz", "hn": "12", "n": 1, "year": "1940"}, "geometry": {"type": "Point", "coordinates": [16.3272, 48.2162]}}, {"type": "Feature", "properties": {"old": "Planettaplatz", "new": "Parhamerplatz", "st": "Planettaplatz", "hn": "13", "n": 2, "year": "1940"}, "geometry": {"type": "Point", "coordinates": [16.3271, 48.2164]}}, {"type": "Feature", "properties": {"old": "Planettaplatz", "new": "Parhamerplatz", "st": "Planettaplatz", "hn": "15", "n": 23, "year": "1940"}, "geometry": {"type": "Point", "coordinates": [16.3274, 48.2166]}}, {"type": "Feature", "properties": {"old": "Planettaplatz", "new": "Parhamerplatz", "st": "Planettaplatz", "hn": "16", "n": 3, "year": "1940"}, "geometry": {"type": "Point", "coordinates": [16.3276, 48.2166]}}, {"type": "Feature", "properties": {"old": "Planettaplatz", "new": "Parhamerplatz", "st": "Planettaplatz", "hn": "17", "n": 10, "year": "1940"}, "geometry": {"type": "Point", "coordinates": [16.3279, 48.2166]}}, {"type": "Feature", "properties": {"old": "Admiral-Scheer-Straße", "new": "Wehlistraße", "st": "Admiral=ScheerStraße", "hn": "228", "n": 2, "year": "1940"}, "geometry": {"type": "Point", "coordinates": [16.4146, 48.2166]}}, {"type": "Feature", "properties": {"old": "Admiral-Scheer-Straße", "new": "Wehlistraße", "st": "Admiral=Scheer=Str.", "hn": "226", "n": 1, "year": "1940"}, "geometry": {"type": "Point", "coordinates": [16.4146, 48.2172]}}, {"type": "Feature", "properties": {"old": "VierundachtzigerPlatz", "new": "Elderschplatz", "st": "VierundachtzigerPlatz", "hn": "", "n": 1, "year": "1940"}, "geometry": {"type": "Point", "coordinates": [16.4114, 48.2181]}}, {"type": "Feature", "properties": {"old": "Admiral-Scheer-Straße", "new": "Wehlistraße", "st": "Admiral=Scheer=Str.", "hn": "222", "n": 1, "year": "1940"}, "geometry": {"type": "Point", "coordinates": [16.4126, 48.2184]}}, {"type": "Feature", "properties": {"old": "Sennhofergasse", "new": "Hahngasse", "st": "Sennhoferg", "hn": "", "n": 1, "year": "1940"}, "geometry": {"type": "Point", "coordinates": [16.36604, 48.21854]}}, {"type": "Feature", "properties": {"old": "Sennhofergasse", "new": "Hahngasse", "st": "Sennhoferg.", "hn": "3", "n": 11, "year": "1940"}, "geometry": {"type": "Point", "coordinates": [16.36603, 48.21878]}}, {"type": "Feature", "properties": {"old": "Admiral-Scheer-Straße", "new": "Wehlistraße", "st": "Admiral=Scheer=Str.", "hn": "220", "n": 19, "year": "1940"}, "geometry": {"type": "Point", "coordinates": [16.4124, 48.2188]}}, {"type": "Feature", "properties": {"old": "Admiral-Scheer-Straße", "new": "Wehlistraße", "st": "Admiral=Scheer=Str.", "hn": "218", "n": 18, "year": "1940"}, "geometry": {"type": "Point", "coordinates": [16.4122, 48.2189]}}, {"type": "Feature", "properties": {"old": "Admiral-Scheer-Straße", "new": "Wehlistraße", "st": "Admiral— cheer=Str.", "hn": "218", "n": 3, "year": "1940"}, "geometry": {"type": "Point", "coordinates": [16.41224, 48.21892]}}, {"type": "Feature", "properties": {"old": "Sennhofergasse", "new": "Hahngasse", "st": "Sennhoferg.", "hn": "5", "n": 1, "year": "1940"}, "geometry": {"type": "Point", "coordinates": [16.3658, 48.21893]}}, {"type": "Feature", "properties": {"old": "Sennhofergasse", "new": "Hahngasse", "st": "Sennhoferg.", "hn": "2", "n": 1, "year": "1940"}, "geometry": {"type": "Point", "coordinates": [16.36725, 48.21926]}}, {"type": "Feature", "properties": {"old": "Sterneckplatz", "new": "Max-Winter-Platz", "st": "Sterneckplatz", "hn": "17", "n": 17, "year": "1940"}, "geometry": {"type": "Point", "coordinates": [16.40082, 48.21939]}}, {"type": "Feature", "properties": {"old": "Sennhofergasse", "new": "Hahngasse", "st": "Sennhoferg.", "hn": "7", "n": 16, "year": "1940"}, "geometry": {"type": "Point", "coordinates": [16.36572, 48.2194]}}, {"type": "Feature", "properties": {"old": "Sterneckplatz", "new": "Max-Winter-Platz", "st": "Sterneckplatz", "hn": "22", "n": 25, "year": "1940"}, "geometry": {"type": "Point", "coordinates": [16.39946, 48.2194]}}, {"type": "Feature", "properties": {"old": "Sterneckplatz", "new": "Max-Winter-Platz", "st": "Sterneckplatz", "hn": "21", "n": 35, "year": "1940"}, "geometry": {"type": "Point", "coordinates": [16.39971, 48.2194]}}, {"type": "Feature", "properties": {"old": "Sterneckplatz", "new": "Max-Winter-Platz", "st": "Sterneckplatz", "hn": "20", "n": 29, "year": "1940"}, "geometry": {"type": "Point", "coordinates": [16.39999, 48.2194]}}, {"type": "Feature", "properties": {"old": "Sterneckplatz", "new": "Max-Winter-Platz", "st": "Sterneckplatz", "hn": "19", "n": 29, "year": "1940"}, "geometry": {"type": "Point", "coordinates": [16.40023, 48.2194]}}, {"type": "Feature", "properties": {"old": "Sterneckplatz", "new": "Max-Winter-Platz", "st": "Sterneckplatz", "hn": "18", "n": 26, "year": "1940"}, "geometry": {"type": "Point", "coordinates": [16.40052, 48.2194]}}, {"type": "Feature", "properties": {"old": "Sennhofergasse", "new": "Hahngasse", "st": "SennhoferReininghaus Hans, Gutsbes", "hn": "", "n": 1, "year": "1940"}, "geometry": {"type": "Point", "coordinates": [16.36636, 48.21953]}}, {"type": "Feature", "properties": {"old": "Wohlrabgasse", "new": "Blumengasse", "st": "Wohlrabg.", "hn": "3", "n": 7, "year": "1940"}, "geometry": {"type": "Point", "coordinates": [16.3393, 48.2196]}}, {"type": "Feature", "properties": {"old": "Wohlrabgasse", "new": "Blumengasse", "st": "Wohlrabg.", "hn": "5", "n": 8, "year": "1940"}, "geometry": {"type": "Point", "coordinates": [16.3389, 48.2197]}}, {"type": "Feature", "properties": {"old": "Sennhofergasse", "new": "Hahngasse", "st": "Sennhoferg.", "hn": "9", "n": 11, "year": "1940"}, "geometry": {"type": "Point", "coordinates": [16.36556, 48.21975]}}, {"type": "Feature", "properties": {"old": "Sennhofergasse", "new": "Hahngasse", "st": "Sennhoferg.", "hn": "6", "n": 28, "year": "1940"}, "geometry": {"type": "Point", "coordinates": [16.36585, 48.21976]}}, {"type": "Feature", "properties": {"old": "Wohlrabgasse", "new": "Blumengasse", "st": "Wohlrabg.", "hn": "7", "n": 15, "year": "1940"}, "geometry": {"type": "Point", "coordinates": [16.3386, 48.2198]}}, {"type": "Feature", "properties": {"old": "Sterneckplatz", "new": "Max-Winter-Platz", "st": "Sterneckplatz", "hn": "15", "n": 36, "year": "1940"}, "geometry": {"type": "Point", "coordinates": [16.40116, 48.21986]}}, {"type": "Feature", "properties": {"old": "Wohlrabgasse", "new": "Blumengasse", "st": "Wohlrabg.", "hn": "13", "n": 14, "year": "1940"}, "geometry": {"type": "Point", "coordinates": [16.3378, 48.2199]}}, {"type": "Feature", "properties": {"old": "Wohlrabgasse", "new": "Blumengasse", "st": "Wohlrabgasse", "hn": "", "n": 41, "year": "1940"}, "geometry": {"type": "Point", "coordinates": [16.338, 48.2199]}}, {"type": "Feature", "properties": {"old": "Wohlrabgasse", "new": "Blumengasse", "st": "Wohlrabg.", "hn": "8", "n": 8, "year": "1940"}, "geometry": {"type": "Point", "coordinates": [16.3388, 48.2199]}}, {"type": "Feature", "properties": {"old": "Wohlrabgasse", "new": "Blumengasse", "st": "Wohlrabg.", "hn": "17", "n": 9, "year": "1940"}, "geometry": {"type": "Point", "coordinates": [16.3373, 48.22]}}, {"type": "Feature", "properties": {"old": "Wohlrabgasse", "new": "Blumengasse", "st": "Wohlrabg.", "hn": "15", "n": 5, "year": "1940"}, "geometry": {"type": "Point", "coordinates": [16.3375, 48.22]}}, {"type": "Feature", "properties": {"old": "Sennhofergasse", "new": "Hahngasse", "st": "Sennhoferg", "hn": "", "n": 10, "year": "1940"}, "geometry": {"type": "Point", "coordinates": [16.36527, 48.22002]}}, {"type": "Feature", "properties": {"old": "Sterneckplatz", "new": "Max-Winter-Platz", "st": "Sterneckplatz", "hn": "14", "n": 28, "year": "1940"}, "geometry": {"type": "Point", "coordinates": [16.40107, 48.22004]}}, {"type": "Feature", "properties": {"old": "Wohlrabgasse", "new": "Blumengasse", "st": "Wohlrabg.", "hn": "19", "n": 9, "year": "1940"}, "geometry": {"type": "Point", "coordinates": [16.3371, 48.2201]}}, {"type": "Feature", "properties": {"old": "Wohlrabgasse", "new": "Blumengasse", "st": "Wohlrabg.", "hn": "16", "n": 9, "year": "1940"}, "geometry": {"type": "Point", "coordinates": [16.3378, 48.2201]}}, {"type": "Feature", "properties": {"old": "Wohlrabgasse", "new": "Blumengasse", "st": "Wohlrabg.", "hn": "14", "n": 13, "year": "1940"}, "geometry": {"type": "Point", "coordinates": [16.338, 48.2201]}}, {"type": "Feature", "properties": {"old": "Wohlrabgasse", "new": "Blumengasse", "st": "Wohlrabg.", "hn": "12", "n": 2, "year": "1940"}, "geometry": {"type": "Point", "coordinates": [16.3384, 48.2201]}}, {"type": "Feature", "properties": {"old": "Sennhofergasse", "new": "Hahngasse", "st": "Sennhoferg.", "hn": "8", "n": 24, "year": "1940"}, "geometry": {"type": "Point", "coordinates": [16.36565, 48.22013]}}, {"type": "Feature", "properties": {"old": "Sterneckplatz", "new": "Max-Winter-Platz", "st": "Sterneckplatz", "hn": "2", "n": 2, "year": "1940"}, "geometry": {"type": "Point", "coordinates": [16.39944, 48.22018]}}, {"type": "Feature", "properties": {"old": "Wohlrabgasse", "new": "Blumengasse", "st": "Wohlrabg.", "hn": "21", "n": 7, "year": "1940"}, "geometry": {"type": "Point", "coordinates": [16.3367, 48.2202]}}, {"type": "Feature", "properties": {"old": "Wohlrabgasse", "new": "Blumengasse", "st": "Wohlrabg.", "hn": "22", "n": 3, "year": "1940"}, "geometry": {"type": "Point", "coordinates": [16.3372, 48.2202]}}, {"type": "Feature", "properties": {"old": "Wohlrabgasse", "new": "Blumengasse", "st": "Wohlrabg.", "hn": "20", "n": 10, "year": "1940"}, "geometry": {"type": "Point", "coordinates": [16.3374, 48.2202]}}, {"type": "Feature", "properties": {"old": "Wohlrabgasse", "new": "Blumengasse", "st": "Wohlrabg", "hn": "18", "n": 7, "year": "1940"}, "geometry": {"type": "Point", "coordinates": [16.3376, 48.2202]}}, {"type": "Feature", "properties": {"old": "Sterneckplatz", "new": "Max-Winter-Platz", "st": "Sterneckplatz", "hn": "13", "n": 41, "year": "1940"}, "geometry": {"type": "Point", "coordinates": [16.40098, 48.22022]}}, {"type": "Feature", "properties": {"old": "Sterneckplatz", "new": "Max-Winter-Platz", "st": "Sterneckplatz", "hn": "", "n": 59, "year": "1940"}, "geometry": {"type": "Point", "coordinates": [16.40016, 48.22023]}}, {"type": "Feature", "properties": {"old": "Wohlrabgasse", "new": "Blumengasse", "st": "Wohlrabg.", "hn": "25", "n": 12, "year": "1940"}, "geometry": {"type": "Point", "coordinates": [16.336, 48.2203]}}, {"type": "Feature", "properties": {"old": "Wohlrabgasse", "new": "Blumengasse", "st": "Wohlrabg.", "hn": "26", "n": 6, "year": "1940"}, "geometry": {"type": "Point", "coordinates": [16.3368, 48.2203]}}, {"type": "Feature", "properties": {"old": "Sennhofergasse", "new": "Hahngasse", "st": "Sennhoferg.", "hn": "15", "n": 25, "year": "1940"}, "geometry": {"type": "Point", "coordinates": [16.36526, 48.22037]}}, {"type": "Feature", "properties": {"old": "Wohlrabgasse", "new": "Blumengasse", "st": "Wohlrabg.", "hn": "29", "n": 5, "year": "1940"}, "geometry": {"type": "Point", "coordinates": [16.3355, 48.2204]}}, {"type": "Feature", "properties": {"old": "Wohlrabgasse", "new": "Blumengasse", "st": "Wohlrabg.", "hn": "27", "n": 7, "year": "1940"}, "geometry": {"type": "Point", "coordinates": [16.3357, 48.2204]}}, {"type": "Feature", "properties": {"old": "Sennhofergasse", "new": "Hahngasse", "st": "Sennhoferg.", "hn": "12", "n": 40, "year": "1940"}, "geometry": {"type": "Point", "coordinates": [16.36555, 48.22043]}}, {"type": "Feature", "properties": {"old": "Wohlrabgasse", "new": "Blumengasse", "st": "Wohlrabg.", "hn": "35", "n": 2, "year": "1940"}, "geometry": {"type": "Point", "coordinates": [16.3349, 48.2205]}}, {"type": "Feature", "properties": {"old": "Wohlrabgasse", "new": "Blumengasse", "st": "Wohlrabg.", "hn": "33", "n": 5, "year": "1940"}, "geometry": {"type": "Point", "coordinates": [16.3351, 48.2205]}}, {"type": "Feature", "properties": {"old": "Wohlrabgasse", "new": "Blumengasse", "st": "Wohlrabg.", "hn": "32", "n": 4, "year": "1940"}, "geometry": {"type": "Point", "coordinates": [16.3359, 48.2205]}}, {"type": "Feature", "properties": {"old": "Wohlrabgasse", "new": "Blumengasse", "st": "Wohlrabg.", "hn": "30", "n": 2, "year": "1940"}, "geometry": {"type": "Point", "coordinates": [16.3361, 48.2205]}}, {"type": "Feature", "properties": {"old": "Wohlrabgasse", "new": "Blumengasse", "st": "Wohlrabg.", "hn": "28", "n": 15, "year": "1940"}, "geometry": {"type": "Point", "coordinates": [16.3365, 48.2205]}}, {"type": "Feature", "properties": {"old": "Wohlrabgasse", "new": "Blumengasse", "st": "Wohlrabg.", "hn": "24", "n": 1, "year": "1940"}, "geometry": {"type": "Point", "coordinates": [16.3371, 48.2205]}}, {"type": "Feature", "properties": {"old": "Sterneckplatz", "new": "Max-Winter-Platz", "st": "Sterneckplatz", "hn": "12", "n": 25, "year": "1940"}, "geometry": {"type": "Point", "coordinates": [16.40097, 48.22052]}}, {"type": "Feature", "properties": {"old": "Sterneckplatz", "new": "Max-Winter-Platz", "st": "Sterneckplatz", "hn": "3", "n": 30, "year": "1940"}, "geometry": {"type": "Point", "coordinates": [16.39886, 48.22054]}}, {"type": "Feature", "properties": {"old": "Wohlrabgasse", "new": "Blumengasse", "st": "Wohlrabg.", "hn": "39", "n": 10, "year": "1940"}, "geometry": {"type": "Point", "coordinates": [16.3343, 48.2206]}}, {"type": "Feature", "properties": {"old": "Wohlrabgasse", "new": "Blumengasse", "st": "Wohlrabg.", "hn": "37", "n": 2, "year": "1940"}, "geometry": {"type": "Point", "coordinates": [16.3347, 48.2206]}}, {"type": "Feature", "properties": {"old": "Wohlrabgasse", "new": "Blumengasse", "st": "Wohlrabg.", "hn": "36", "n": 11, "year": "1940"}, "geometry": {"type": "Point", "coordinates": [16.3354, 48.2206]}}, {"type": "Feature", "properties": {"old": "Wohlrabgasse", "new": "Blumengasse", "st": "Wohlrabg.", "hn": "34", "n": 9, "year": "1940"}, "geometry": {"type": "Point", "coordinates": [16.3356, 48.2206]}}, {"type": "Feature", "properties": {"old": "Sennhofergasse", "new": "Hahngasse", "st": "Sennhoferg.", "hn": "17", "n": 20, "year": "1940"}, "geometry": {"type": "Point", "coordinates": [16.36517, 48.22065]}}, {"type": "Feature", "properties": {"old": "Sennhofergasse", "new": "Hahngasse", "st": "Sennhoferg.", "hn": "14", "n": 44, "year": "1940"}, "geometry": {"type": "Point", "coordinates": [16.36558, 48.22066]}}, {"type": "Feature", "properties": {"old": "Sterneckplatz", "new": "Max-Winter-Platz", "st": "Sterneckplatz", "hn": "4", "n": 37, "year": "1940"}, "geometry": {"type": "Point", "coordinates": [16.39907, 48.22066]}}, {"type": "Feature", "properties": {"old": "Wohlrabgasse", "new": "Blumengasse", "st": "Wohlrabg.", "hn": "41", "n": 7, "year": "1940"}, "geometry": {"type": "Point", "coordinates": [16.3342, 48.2207]}}, {"type": "Feature", "properties": {"old": "Reichsbrückenstraße", "new": "Lassallestraße", "st": "Reichsbrückenstr", "hn": "2", "n": 1, "year": "1940"}, "geometry": {"type": "Point", "coordinates": [16.39615, 48.22071]}}, {"type": "Feature", "properties": {"old": "Sterneckplatz", "new": "Max-Winter-Platz", "st": "Sterneckplatz", "hn": "5", "n": 36, "year": "1940"}, "geometry": {"type": "Point", "coordinates": [16.39929, 48.22077]}}, {"type": "Feature", "properties": {"old": "Reichsbrückenstraße", "new": "Lassallestraße", "st": "Reichsbrückenstr", "hn": "4", "n": 21, "year": "1940"}, "geometry": {"type": "Point", "coordinates": [16.3963, 48.22079]}}, {"type": "Feature", "properties": {"old": "Maulpertschplatz", "new": "Matteottiplatz", "st": "Maulpertschplatz", "hn": "2", "n": 67, "year": "1940"}, "geometry": {"type": "Point", "coordinates": [16.3051, 48.2208]}}, {"type": "Feature", "properties": {"old": "Reichsbrückenstraße", "new": "Lassallestraße", "st": "Reichsbrückenstraße", "hn": "4", "n": 2, "year": "1940"}, "geometry": {"type": "Point", "coordinates": [16.3963, 48.2208]}}, {"type": "Feature", "properties": {"old": "Sterneckplatz", "new": "Max-Winter-Platz", "st": "Sterneckplatz", "hn": "6", "n": 33, "year": "1940"}, "geometry": {"type": "Point", "coordinates": [16.39945, 48.22084]}}, {"type": "Feature", "properties": {"old": "Reichsbrückenstraße", "new": "Lassallestraße", "st": "Reichsbrückenstraße", "hn": "6", "n": 2, "year": "1940"}, "geometry": {"type": "Point", "coordinates": [16.3965, 48.2209]}}, {"type": "Feature", "properties": {"old": "Reichsbrückenstraße", "new": "Lassallestraße", "st": "Reichsbrückenstr", "hn": "6", "n": 21, "year": "1940"}, "geometry": {"type": "Point", "coordinates": [16.39651, 48.2209]}}, {"type": "Feature", "properties": {"old": "Sterneckplatz", "new": "Max-Winter-Platz", "st": "Sterneckplatz", "hn": "10", "n": 28, "year": "1940"}, "geometry": {"type": "Point", "coordinates": [16.40061, 48.22093]}}, {"type": "Feature", "properties": {"old": "Sterneckplatz", "new": "Max-Winter-Platz", "st": "Sterneckplatz", "hn": "7", "n": 24, "year": "1940"}, "geometry": {"type": "Point", "coordinates": [16.3997, 48.22099]}}, {"type": "Feature", "properties": {"old": "Wohlrabgasse", "new": "Blumengasse", "st": "Wohlrabg.", "hn": "47", "n": 13, "year": "1940"}, "geometry": {"type": "Point", "coordinates": [16.3328, 48.221]}}, {"type": "Feature", "properties": {"old": "Wohlrabgasse", "new": "Blumengasse", "st": "Wohlrabg.", "hn": "45", "n": 3, "year": "1940"}, "geometry": {"type": "Point", "coordinates": [16.333, 48.221]}}, {"type": "Feature", "properties": {"old": "Reichsbrückenstraße", "new": "Lassallestraße", "st": "Reichsbrückenstr", "hn": "8", "n": 25, "year": "1940"}, "geometry": {"type": "Point", "coordinates": [16.39669, 48.221]}}, {"type": "Feature", "properties": {"old": "Reichsbrückenstraße", "new": "Lassallestraße", "st": "Reichsbrückenstraße", "hn": "8", "n": 2, "year": "1940"}, "geometry": {"type": "Point", "coordinates": [16.3967, 48.221]}}, {"type": "Feature", "properties": {"old": "Sennhofergasse", "new": "Hahngasse", "st": "Sennhoferg.", "hn": "19", "n": 11, "year": "1940"}, "geometry": {"type": "Point", "coordinates": [16.3651, 48.22102]}}, {"type": "Feature", "properties": {"old": "Sennhofergasse", "new": "Hahngasse", "st": "Sennhoferg.", "hn": "26", "n": 25, "year": "1940"}, "geometry": {"type": "Point", "coordinates": [16.36544, 48.22106]}}, {"type": "Feature", "properties": {"old": "Sterneckplatz", "new": "Max-Winter-Platz", "st": "Sterneckplatz", "hn": "9", "n": 36, "year": "1940"}, "geometry": {"type": "Point", "coordinates": [16.40053, 48.22106]}}, {"type": "Feature", "properties": {"old": "Sennhofergasse", "new": "Hahngasse", "st": "Sennhoferg.", "hn": "16", "n": 11, "year": "1940"}, "geometry": {"type": "Point", "coordinates": [16.36542, 48.22108]}}, {"type": "Feature", "properties": {"old": "Wohlrabgasse", "new": "Blumengasse", "st": "Wohlrabg.", "hn": "46", "n": 11, "year": "1940"}, "geometry": {"type": "Point", "coordinates": [16.3332, 48.2211]}}, {"type": "Feature", "properties": {"old": "Wohlrabgasse", "new": "Blumengasse", "st": "Wohlrabg.", "hn": "44", "n": 17, "year": "1940"}, "geometry": {"type": "Point", "coordinates": [16.3334, 48.2211]}}, {"type": "Feature", "properties": {"old": "Josef-Hackel-Gasse", "new": "Antonigasse", "st": "Josef Hackel=G.", "hn": "3", "n": 1, "year": "1940"}, "geometry": {"type": "Point", "coordinates": [16.3415, 48.2211]}}, {"type": "Feature", "properties": {"old": "Reichsbrückenstraße", "new": "Lassallestraße", "st": "Reichsbrückenstraße", "hn": "10", "n": 4, "year": "1940"}, "geometry": {"type": "Point", "coordinates": [16.3969, 48.2211]}}, {"type": "Feature", "properties": {"old": "Sterneckplatz", "new": "Max-Winter-Platz", "st": "Sterneckplatz", "hn": "8", "n": 11, "year": "1940"}, "geometry": {"type": "Point", "coordinates": [16.39993, 48.22112]}}, {"type": "Feature", "properties": {"old": "Reichsbrückenstraße", "new": "Lassallestraße", "st": "Reichsbrückenstr", "hn": "10", "n": 28, "year": "1940"}, "geometry": {"type": "Point", "coordinates": [16.39693, 48.22113]}}, {"type": "Feature", "properties": {"old": "Wohlrabgasse", "new": "Blumengasse", "st": "Wohlrabg.", "hn": "51", "n": 4, "year": "1940"}, "geometry": {"type": "Point", "coordinates": [16.3322, 48.2212]}}, {"type": "Feature", "properties": {"old": "Wohlrabgasse", "new": "Blumengasse", "st": "Wohlrabg.", "hn": "49", "n": 18, "year": "1940"}, "geometry": {"type": "Point", "coordinates": [16.3324, 48.2212]}}, {"type": "Feature", "properties": {"old": "Josef-Hackel-Gasse", "new": "Antonigasse", "st": "Josef=Hackel=G.", "hn": "5", "n": 3, "year": "1940"}, "geometry": {"type": "Point", "coordinates": [16.3413, 48.2212]}}, {"type": "Feature", "properties": {"old": "Josef-Hackel-Gasse", "new": "Antonigasse", "st": "Josef Hackel=G.", "hn": "4", "n": 2, "year": "1940"}, "geometry": {"type": "Point", "coordinates": [16.3427, 48.2212]}}, {"type": "Feature", "properties": {"old": "Sennhofergasse", "new": "Hahngasse", "st": "Sennhoferg.", "hn": "21", "n": 9, "year": "1940"}, "geometry": {"type": "Point", "coordinates": [16.36511, 48.2212]}}, {"type": "Feature", "properties": {"old": "Sennhofergasse", "new": "Hahngasse", "st": "Sennhoferg.", "hn": "18", "n": 15, "year": "1940"}, "geometry": {"type": "Point", "coordinates": [16.36541, 48.22126]}}, {"type": "Feature", "properties": {"old": "Reichsbrückenstraße", "new": "Lassallestraße", "st": "Reichsbrückenstr", "hn": "12", "n": 14, "year": "1940"}, "geometry": {"type": "Point", "coordinates": [16.39717, 48.22126]}}, {"type": "Feature", "properties": {"old": "Josef-Hackel-Gasse", "new": "Antonigasse", "st": "Josef=Hackel=G.", "hn": "9", "n": 3, "year": "1940"}, "geometry": {"type": "Point", "coordinates": [16.3406, 48.2213]}}, {"type": "Feature", "properties": {"old": "Josef-Hackel-Gasse", "new": "Antonigasse", "st": "Josef=Hackel=G.", "hn": "10", "n": 3, "year": "1940"}, "geometry": {"type": "Point", "coordinates": [16.3417, 48.2213]}}, {"type": "Feature", "properties": {"old": "Josef-Hackel-Gasse", "new": "Antonigasse", "st": "Josef=Hackel=G.", "hn": "8", "n": 1, "year": "1940"}, "geometry": {"type": "Point", "coordinates": [16.342, 48.2213]}}, {"type": "Feature", "properties": {"old": "Josef-Hackel-Gasse", "new": "Antonigasse", "st": "Josef=Hackel=G.", "hn": "6", "n": 1, "year": "1940"}, "geometry": {"type": "Point", "coordinates": [16.3423, 48.2213]}}, {"type": "Feature", "properties": {"old": "Reichsbrückenstraße", "new": "Lassallestraße", "st": "Reichsbrückenstraße", "hn": "12", "n": 2, "year": "1940"}, "geometry": {"type": "Point", "coordinates": [16.3972, 48.2213]}}, {"type": "Feature", "properties": {"old": "Josef-Hackel-Gasse", "new": "Antonigasse", "st": "JosefHackel JosefHackel=G.", "hn": "10", "n": 1, "year": "1940"}, "geometry": {"type": "Point", "coordinates": [16.3417, 48.22131]}}, {"type": "Feature", "properties": {"old": "Sennhofergasse", "new": "Hahngasse", "st": "Sennhoferg.", "hn": "23", "n": 8, "year": "1940"}, "geometry": {"type": "Point", "coordinates": [16.3651, 48.22134]}}, {"type": "Feature", "properties": {"old": "Josef-Hackel-Gasse", "new": "Antonigasse", "st": "Josef HackelGasse", "hn": "14", "n": 1, "year": "1940"}, "geometry": {"type": "Point", "coordinates": [16.3413, 48.2214]}}, {"type": "Feature", "properties": {"old": "Josef-Hackel-Gasse", "new": "Antonigasse", "st": "Josef Hackel=G.", "hn": "12", "n": 3, "year": "1940"}, "geometry": {"type": "Point", "coordinates": [16.3414, 48.2214]}}, {"type": "Feature", "properties": {"old": "Sennhofergasse", "new": "Hahngasse", "st": "Sennhoferg.", "hn": "25", "n": 5, "year": "1940"}, "geometry": {"type": "Point", "coordinates": [16.36509, 48.22145]}}, {"type": "Feature", "properties": {"old": "Wohlrabgasse", "new": "Blumengasse", "st": "Wohlrabg.", "hn": "54", "n": 12, "year": "1940"}, "geometry": {"type": "Point", "coordinates": [16.3321, 48.2215]}}, {"type": "Feature", "properties": {"old": "Wohlrabgasse", "new": "Blumengasse", "st": "Wohlrabg.", "hn": "52", "n": 32, "year": "1940"}, "geometry": {"type": "Point", "coordinates": [16.3328, 48.2215]}}, {"type": "Feature", "properties": {"old": "Josef-Hackel-Gasse", "new": "Antonigasse", "st": "Josef HackelGasse", "hn": "16", "n": 3, "year": "1940"}, "geometry": {"type": "Point", "coordinates": [16.3409, 48.2215]}}, {"type": "Feature", "properties": {"old": "Reichsbrückenstraße", "new": "Lassallestraße", "st": "Reichsbrückenstraße", "hn": "14", "n": 1, "year": "1940"}, "geometry": {"type": "Point", "coordinates": [16.3977, 48.2215]}}, {"type": "Feature", "properties": {"old": "Reichsbrückenstraße", "new": "Lassallestraße", "st": "Reichsbrückenstr", "hn": "14", "n": 16, "year": "1940"}, "geometry": {"type": "Point", "coordinates": [16.39766, 48.22152]}}, {"type": "Feature", "properties": {"old": "Reichsbrückenstraße", "new": "Lassallestraße", "st": "Reichsbrückenstr", "hn": "3", "n": 1, "year": "1940"}, "geometry": {"type": "Point", "coordinates": [16.39438, 48.22155]}}, {"type": "Feature", "properties": {"old": "Sennhofergasse", "new": "Hahngasse", "st": "Sennhoferg.", "hn": "25A", "n": 1, "year": "1940"}, "geometry": {"type": "Point", "coordinates": [16.36483, 48.22159]}}, {"type": "Feature", "properties": {"old": "Josef-Hackel-Gasse", "new": "Antonigasse", "st": "Josef HackelGasse", "hn": "20", "n": 4, "year": "1940"}, "geometry": {"type": "Point", "coordinates": [16.3405, 48.2216]}}, {"type": "Feature", "properties": {"old": "Sennhofergasse", "new": "Hahngasse", "st": "Sennhoferg.", "hn": "20", "n": 17, "year": "1940"}, "geometry": {"type": "Point", "coordinates": [16.36538, 48.22161]}}, {"type": "Feature", "properties": {"old": "Wohlrabgasse", "new": "Blumengasse", "st": "Wohlrabg.", "hn": "58", "n": 5, "year": "1940"}, "geometry": {"type": "Point", "coordinates": [16.3314, 48.2217]}}, {"type": "Feature", "properties": {"old": "Josef-Hackel-Gasse", "new": "Antonigasse", "st": "Josef HackelGasse", "hn": "19", "n": 3, "year": "1940"}, "geometry": {"type": "Point", "coordinates": [16.3391, 48.2217]}}, {"type": "Feature", "properties": {"old": "Josef-Hackel-Gasse", "new": "Antonigasse", "st": "Josef=Hackel=G.", "hn": "22", "n": 1, "year": "1940"}, "geometry": {"type": "Point", "coordinates": [16.34, 48.2217]}}, {"type": "Feature", "properties": {"old": "Sennhofergasse", "new": "Hahngasse", "st": "Sennhoferg.", "hn": "27", "n": 3, "year": "1940"}, "geometry": {"type": "Point", "coordinates": [16.36489, 48.22174]}}, {"type": "Feature", "properties": {"old": "Reichsbrückenstraße", "new": "Lassallestraße", "st": "Reichsbrückenstr", "hn": "18", "n": 1, "year": "1940"}, "geometry": {"type": "Point", "coordinates": [16.39814, 48.22178]}}, {"type": "Feature", "properties": {"old": "Wohlrabgasse", "new": "Blumengasse", "st": "Wohlrabg.", "hn": "61", "n": 24, "year": "1940"}, "geometry": {"type": "Point", "coordinates": [16.3305, 48.2218]}}, {"type": "Feature", "properties": {"old": "Josef-Hackel-Gasse", "new": "Antonigasse", "st": "Josef Hackel=G.", "hn": "23", "n": 1, "year": "1940"}, "geometry": {"type": "Point", "coordinates": [16.3387, 48.2218]}}, {"type": "Feature", "properties": {"old": "Josef-Hackel-Gasse", "new": "Antonigasse", "st": "Josef HackelGasse", "hn": "21", "n": 1, "year": "1940"}, "geometry": {"type": "Point", "coordinates": [16.3389, 48.2218]}}, {"type": "Feature", "properties": {"old": "Sennhofergasse", "new": "Hahngasse", "st": "Sennhoferg. 22. Hans", "hn": "", "n": 13, "year": "1940"}, "geometry": {"type": "Point", "coordinates": [16.36537, 48.22182]}}, {"type": "Feature", "properties": {"old": "Reichsbrückenstraße", "new": "Lassallestraße", "st": "Reichsbrückenstr", "hn": "20", "n": 17, "year": "1940"}, "geometry": {"type": "Point", "coordinates": [16.39829, 48.22186]}}, {"type": "Feature", "properties": {"old": "Josef-Hackel-Gasse", "new": "Antonigasse", "st": "Josef=Hackel=G.", "hn": "27", "n": 2, "year": "1940"}, "geometry": {"type": "Point", "coordinates": [16.3383, 48.2219]}}, {"type": "Feature", "properties": {"old": "Josef-Hackel-Gasse", "new": "Antonigasse", "st": "Josef=Hackel=G.", "hn": "25", "n": 3, "year": "1940"}, "geometry": {"type": "Point", "coordinates": [16.3385, 48.2219]}}, {"type": "Feature", "properties": {"old": "Reichsbrückenstraße", "new": "Lassallestraße", "st": "Reichsbrückenstraße", "hn": "20", "n": 3, "year": "1940"}, "geometry": {"type": "Point", "coordinates": [16.3983, 48.2219]}}, {"type": "Feature", "properties": {"old": "Josef-Hackel-Gasse", "new": "Antonigasse", "st": "JosefHackel JosefHackel=G.", "hn": "27", "n": 1, "year": "1940"}, "geometry": {"type": "Point", "coordinates": [16.3383, 48.22191]}}, {"type": "Feature", "properties": {"old": "Reichsbrückenstraße", "new": "Lassallestraße", "st": "Reichsbrückenstr", "hn": "22", "n": 18, "year": "1940"}, "geometry": {"type": "Point", "coordinates": [16.3985, 48.22197]}}, {"type": "Feature", "properties": {"old": "Wohlrabgasse", "new": "Blumengasse", "st": "Wohlrabg.", "hn": "64", "n": 3, "year": "1940"}, "geometry": {"type": "Point", "coordinates": [16.3306, 48.222]}}, {"type": "Feature", "properties": {"old": "Reichsbrückenstraße", "new": "Lassallestraße", "st": "Reichsbrückenstraße", "hn": "22", "n": 2, "year": "1940"}, "geometry": {"type": "Point", "coordinates": [16.3985, 48.222]}}, {"type": "Feature", "properties": {"old": "Wohlrabgasse", "new": "Blumengasse", "st": "Wohlrabg.", "hn": "67", "n": 9, "year": "1940"}, "geometry": {"type": "Point", "coordinates": [16.3296, 48.2221]}}, {"type": "Feature", "properties": {"old": "Josef-Hackel-Gasse", "new": "Antonigasse", "st": "Josef=Hackel=G.", "hn": "34", "n": 3, "year": "1940"}, "geometry": {"type": "Point", "coordinates": [16.3385, 48.2221]}}, {"type": "Feature", "properties": {"old": "Sennhofergasse", "new": "Hahngasse", "st": "Sennhoferg.", "hn": "24", "n": 17, "year": "1940"}, "geometry": {"type": "Point", "coordinates": [16.36555, 48.22218]}}, {"type": "Feature", "properties": {"old": "Josef-Hackel-Gasse", "new": "Antonigasse", "st": "Josef=HackelGasse", "hn": "36", "n": 2, "year": "1940"}, "geometry": {"type": "Point", "coordinates": [16.3383, 48.2222]}}, {"type": "Feature", "properties": {"old": "Josef-Hackel-Gasse", "new": "Antonigasse", "st": "JosefHackel JosefHackel=G.", "hn": "36", "n": 1, "year": "1940"}, "geometry": {"type": "Point", "coordinates": [16.33831, 48.22221]}}, {"type": "Feature", "properties": {"old": "Wohlrabgasse", "new": "Blumengasse", "st": "Wohlrabg.", "hn": "70", "n": 12, "year": "1940"}, "geometry": {"type": "Point", "coordinates": [16.3297, 48.2223]}}, {"type": "Feature", "properties": {"old": "Reichsbrückenstraße", "new": "Lassallestraße", "st": "Reichsbrückenstraße", "hn": "26", "n": 3, "year": "1940"}, "geometry": {"type": "Point", "coordinates": [16.3992, 48.2223]}}, {"type": "Feature", "properties": {"old": "Sennhofergasse", "new": "Hahngasse", "st": "Sennhoferg.", "hn": "31", "n": 15, "year": "1940"}, "geometry": {"type": "Point", "coordinates": [16.36509, 48.22234]}}, {"type": "Feature", "properties": {"old": "Reichsbrückenstraße", "new": "Lassallestraße", "st": "Reichsbrückenstr", "hn": "26", "n": 26, "year": "1940"}, "geometry": {"type": "Point", "coordinates": [16.39917, 48.22234]}}, {"type": "Feature", "properties": {"old": "Wohlrabgasse", "new": "Blumengasse", "st": "Wohlrabg.", "hn": "75", "n": 28, "year": "1940"}, "geometry": {"type": "Point", "coordinates": [16.3285, 48.2224]}}, {"type": "Feature", "properties": {"old": "Wohlrabgasse", "new": "Blumengasse", "st": "Wohlrabgasse", "hn": "73", "n": 13, "year": "1940"}, "geometry": {"type": "Point", "coordinates": [16.3287, 48.2224]}}, {"type": "Feature", "properties": {"old": "Josef-Hackel-Gasse", "new": "Antonigasse", "st": "Josef=Hackel=G.", "hn": "35", "n": 7, "year": "1940"}, "geometry": {"type": "Point", "coordinates": [16.3374, 48.2224]}}, {"type": "Feature", "properties": {"old": "Josef-Hackel-Gasse", "new": "Antonigasse", "st": "JosefHackel JosefHackel=G.", "hn": "37", "n": 1, "year": "1940"}, "geometry": {"type": "Point", "coordinates": [16.33719, 48.22249]}}, {"type": "Feature", "properties": {"old": "Josef-Hackel-Gasse", "new": "Antonigasse", "st": "Josef=Hackel=G.", "hn": "42", "n": 4, "year": "1940"}, "geometry": {"type": "Point", "coordinates": [16.3375, 48.2225]}}, {"type": "Feature", "properties": {"old": "Josef-Hackel-Gasse", "new": "Antonigasse", "st": "Josef Hackel=G.", "hn": "40", "n": 2, "year": "1940"}, "geometry": {"type": "Point", "coordinates": [16.338, 48.2225]}}, {"type": "Feature", "properties": {"old": "Reichsbrückenstraße", "new": "Lassallestraße", "st": "Reichsbrückenstr", "hn": "28", "n": 21, "year": "1940"}, "geometry": {"type": "Point", "coordinates": [16.39946, 48.2225]}}, {"type": "Feature", "properties": {"old": "Reichsbrückenstraße", "new": "Lassallestraße", "st": "Reichsbrückenstraße", "hn": "28", "n": 3, "year": "1940"}, "geometry": {"type": "Point", "coordinates": [16.3995, 48.2225]}}, {"type": "Feature", "properties": {"old": "Sennhofergasse", "new": "Hahngasse", "st": "Sennhoferg.", "hn": "28", "n": 14, "year": "1940"}, "geometry": {"type": "Point", "coordinates": [16.36539, 48.22252]}}, {"type": "Feature", "properties": {"old": "Sennhofergasse", "new": "Hahngasse", "st": "Sennhoferg.", "hn": "33", "n": 16, "year": "1940"}, "geometry": {"type": "Point", "coordinates": [16.36509, 48.22253]}}, {"type": "Feature", "properties": {"old": "Reichsbrückenstraße", "new": "Lassallestraße", "st": "Reichsbrückenstr", "hn": "30", "n": 20, "year": "1940"}, "geometry": {"type": "Point", "coordinates": [16.39962, 48.22258]}}, {"type": "Feature", "properties": {"old": "Josef-Hackel-Gasse", "new": "Antonigasse", "st": "JosefHackel JosefHackel=G.", "hn": "39", "n": 1, "year": "1940"}, "geometry": {"type": "Point", "coordinates": [16.337, 48.22259]}}, {"type": "Feature", "properties": {"old": "Josef-Hackel-Gasse", "new": "Antonigasse", "st": "Josef=Hackel=G.", "hn": "41", "n": 3, "year": "1940"}, "geometry": {"type": "Point", "coordinates": [16.3367, 48.2226]}}, {"type": "Feature", "properties": {"old": "Josef-Hackel-Gasse", "new": "Antonigasse", "st": "Josef=Hackel=G.", "hn": "39", "n": 3, "year": "1940"}, "geometry": {"type": "Point", "coordinates": [16.337, 48.2226]}}, {"type": "Feature", "properties": {"old": "Josef-Hackel-Gasse", "new": "Antonigasse", "st": "Josef=Hackel=G.", "hn": "44", "n": 1, "year": "1940"}, "geometry": {"type": "Point", "coordinates": [16.3373, 48.2226]}}, {"type": "Feature", "properties": {"old": "Reichsbrückenstraße", "new": "Lassallestraße", "st": "Reichsbrückenstraße", "hn": "30", "n": 3, "year": "1940"}, "geometry": {"type": "Point", "coordinates": [16.3996, 48.2226]}}, {"type": "Feature", "properties": {"old": "Josef-Hackel-Gasse", "new": "Antonigasse", "st": "JosefHackel JosefHackel=G.", "hn": "44", "n": 1, "year": "1940"}, "geometry": {"type": "Point", "coordinates": [16.33733, 48.22263]}}, {"type": "Feature", "properties": {"old": "Reichsbrückenstraße", "new": "Lassallestraße", "st": "Reichsbrückenstr", "hn": "", "n": 95, "year": "1940"}, "geometry": {"type": "Point", "coordinates": [16.39912, 48.22264]}}, {"type": "Feature", "properties": {"old": "Reichsbrückenstraße", "new": "Lassallestraße", "st": "Reichsbrückenstr", "hn": "32", "n": 12, "year": "1940"}, "geometry": {"type": "Point", "coordinates": [16.39982, 48.22269]}}, {"type": "Feature", "properties": {"old": "Maulpertschplatz", "new": "Matteottiplatz", "st": "Maulpertschplatz", "hn": "6", "n": 9, "year": "1940"}, "geometry": {"type": "Point", "coordinates": [16.3057, 48.2227]}}, {"type": "Feature", "properties": {"old": "Reichsbrückenstraße", "new": "Lassallestraße", "st": "Reichsbrückenstraße", "hn": "32", "n": 6, "year": "1940"}, "geometry": {"type": "Point", "coordinates": [16.3998, 48.2227]}}, {"type": "Feature", "properties": {"old": "Sennhofergasse", "new": "Hahngasse", "st": "Sennhoferg.", "hn": "30", "n": 10, "year": "1940"}, "geometry": {"type": "Point", "coordinates": [16.36539, 48.22273]}}, {"type": "Feature", "properties": {"old": "Reichsbrückenstraße", "new": "Lassallestraße", "st": "Reichsbrückenstr", "hn": "9", "n": 1, "year": "1940"}, "geometry": {"type": "Point", "coordinates": [16.39865, 48.22278]}}, {"type": "Feature", "properties": {"old": "Reichsbrückenstraße", "new": "Lassallestraße", "st": "Reichsbrückenstraße", "hn": "34", "n": 1, "year": "1940"}, "geometry": {"type": "Point", "coordinates": [16.4, 48.2228]}}, {"type": "Feature", "properties": {"old": "Reichsbrückenstraße", "new": "Lassallestraße", "st": "Reichsbrückenstr", "hn": "34", "n": 23, "year": "1940"}, "geometry": {"type": "Point", "coordinates": [16.40002, 48.2228]}}, {"type": "Feature", "properties": {"old": "Sennhofergasse", "new": "Hahngasse", "st": "Sennhoferg.", "hn": "35", "n": 1, "year": "1940"}, "geometry": {"type": "Point", "coordinates": [16.36509, 48.22283]}}, {"type": "Feature", "properties": {"old": "Josef-Hackel-Gasse", "new": "Antonigasse", "st": "Josef Hackel=G.", "hn": "45", "n": 3, "year": "1940"}, "geometry": {"type": "Point", "coordinates": [16.3363, 48.2229]}}, {"type": "Feature", "properties": {"old": "Reichsbrückenstraße", "new": "Lassallestraße", "st": "Reichsbrückenstraße", "hn": "36", "n": 1, "year": "1940"}, "geometry": {"type": "Point", "coordinates": [16.4003, 48.2229]}}, {"type": "Feature", "properties": {"old": "Reichsbrückenstraße", "new": "Lassallestraße", "st": "Reichsbrückenstr", "hn": "36", "n": 17, "year": "1940"}, "geometry": {"type": "Point", "coordinates": [16.40026, 48.22293]}}, {"type": "Feature", "properties": {"old": "Sennhofergasse", "new": "Hahngasse", "st": "Sennhoferg.", "hn": "32", "n": 14, "year": "1940"}, "geometry": {"type": "Point", "coordinates": [16.36539, 48.22294]}}, {"type": "Feature", "properties": {"old": "Josef-Hackel-Gasse", "new": "Antonigasse", "st": "JosefHackel JosefHackel=G. 100, Wohn", "hn": "", "n": 19, "year": "1940"}, "geometry": {"type": "Point", "coordinates": [16.33684, 48.22299]}}, {"type": "Feature", "properties": {"old": "Eberhartgasse", "new": "Liebknechtgasse", "st": "Eberhartgasse", "hn": "36", "n": 6, "year": "1940"}, "geometry": {"type": "Point", "coordinates": [16.3046, 48.223]}}, {"type": "Feature", "properties": {"old": "Maulpertschplatz", "new": "Matteottiplatz", "st": "Maulpertschplatz", "hn": "4-5", "n": 3, "year": "1940"}, "geometry": {"type": "Point", "coordinates": [16.3052, 48.223]}}, {"type": "Feature", "properties": {"old": "Maulpertschplatz", "new": "Matteottiplatz", "st": "Maulpertschplatz", "hn": "5", "n": 5, "year": "1940"}, "geometry": {"type": "Point", "coordinates": [16.3055, 48.223]}}, {"type": "Feature", "properties": {"old": "Josef-Hackel-Gasse", "new": "Antonigasse", "st": "Josef=Hackel=G.", "hn": "47", "n": 1, "year": "1940"}, "geometry": {"type": "Point", "coordinates": [16.3361, 48.223]}}, {"type": "Feature", "properties": {"old": "Josef-Hackel-Gasse", "new": "Antonigasse", "st": "Josef=HackelGasse", "hn": "50", "n": 3, "year": "1940"}, "geometry": {"type": "Point", "coordinates": [16.3366, 48.223]}}, {"type": "Feature", "properties": {"old": "Admiral-Scheer-Straße", "new": "Wehlistraße", "st": "Admiral=Scheer=Str.", "hn": "159", "n": 9, "year": "1940"}, "geometry": {"type": "Point", "coordinates": [16.4071, 48.223]}}, {"type": "Feature", "properties": {"old": "Josef-Hackel-Gasse", "new": "Antonigasse", "st": "JosefHackel JosefHackel=G.", "hn": "50", "n": 1, "year": "1940"}, "geometry": {"type": "Point", "coordinates": [16.33656, 48.22301]}}, {"type": "Feature", "properties": {"old": "Admiral-Scheer-Straße", "new": "Wehlistraße", "st": "AdmiralScheer AdmiralScheer=Str.", "hn": "159", "n": 5, "year": "1940"}, "geometry": {"type": "Point", "coordinates": [16.40707, 48.22305]}}, {"type": "Feature", "properties": {"old": "Josef-Hackel-Gasse", "new": "Antonigasse", "st": "Josef=HackelGasse", "hn": "52", "n": 2, "year": "1940"}, "geometry": {"type": "Point", "coordinates": [16.3363, 48.2231]}}, {"type": "Feature", "properties": {"old": "Sennhofergasse", "new": "Hahngasse", "st": "Sennhoferg.", "hn": "34", "n": 22, "year": "1940"}, "geometry": {"type": "Point", "coordinates": [16.36539, 48.22312]}}, {"type": "Feature", "properties": {"old": "Josef-Hackel-Gasse", "new": "Antonigasse", "st": "Josef=Hackel=G.", "hn": "54", "n": 2, "year": "1940"}, "geometry": {"type": "Point", "coordinates": [16.3361, 48.2232]}}, {"type": "Feature", "properties": {"old": "Reichsbrückenstraße", "new": "Lassallestraße", "st": "Reichsbrückenstr", "hn": "40", "n": 163, "year": "1940"}, "geometry": {"type": "Point", "coordinates": [16.40171, 48.22337]}}, {"type": "Feature", "properties": {"old": "Admiral-Scheer-Straße", "new": "Wehlistraße", "st": "AdmiralScheer AdmiralScheer=Str.", "hn": "155", "n": 7, "year": "1940"}, "geometry": {"type": "Point", "coordinates": [16.40662, 48.22337]}}, {"type": "Feature", "properties": {"old": "Josef-Hackel-Gasse", "new": "Antonigasse", "st": "Josef Hackel=G.", "hn": "55", "n": 1, "year": "1940"}, "geometry": {"type": "Point", "coordinates": [16.3352, 48.2234]}}, {"type": "Feature", "properties": {"old": "Josef-Hackel-Gasse", "new": "Antonigasse", "st": "Josef=Hackel=G.", "hn": "53", "n": 2, "year": "1940"}, "geometry": {"type": "Point", "coordinates": [16.3354, 48.2234]}}, {"type": "Feature", "properties": {"old": "Reichsbrückenstraße", "new": "Lassallestraße", "st": "Reichsbrückenstraße", "hn": "", "n": 48, "year": "1940"}, "geometry": {"type": "Point", "coordinates": [16.4017, 48.2234]}}, {"type": "Feature", "properties": {"old": "Admiral-Scheer-Straße", "new": "Wehlistraße", "st": "Admiral ScheerStraße", "hn": "155", "n": 27, "year": "1940"}, "geometry": {"type": "Point", "coordinates": [16.4066, 48.2234]}}, {"type": "Feature", "properties": {"old": "Gustloffgasse", "new": "Teschnergasse", "st": "Gustloffg.", "hn": "4", "n": 14, "year": "1940"}, "geometry": {"type": "Point", "coordinates": [16.33623, 48.22345]}}, {"type": "Feature", "properties": {"old": "Erzherzog-Karl-Platz", "new": "Mexikoplatz", "st": "Erzherzog=Karl=Platz", "hn": "17", "n": 10, "year": "1940"}, "geometry": {"type": "Point", "coordinates": [16.40496, 48.2235]}}, {"type": "Feature", "properties": {"old": "Reichsbrückenstraße", "new": "Lassallestraße", "st": "Reichsbrückenstr", "hn": "11", "n": 1, "year": "1940"}, "geometry": {"type": "Point", "coordinates": [16.40038, 48.22352]}}, {"type": "Feature", "properties": {"old": "Erzherzog-Karl-Platz", "new": "Mexikoplatz", "st": "Erzh. Karl-Platz", "hn": "18", "n": 13, "year": "1940"}, "geometry": {"type": "Point", "coordinates": [16.40411, 48.22353]}}, {"type": "Feature", "properties": {"old": "Josef-Hackel-Gasse", "new": "Antonigasse", "st": "JosefHackel JosefHackel=G.", "hn": "58", "n": 1, "year": "1940"}, "geometry": {"type": "Point", "coordinates": [16.33549, 48.22354]}}, {"type": "Feature", "properties": {"old": "Admiral-Scheer-Straße", "new": "Wehlistraße", "st": "Admiral=Scheer=Str. Nr.", "hn": "153", "n": 4, "year": "1940"}, "geometry": {"type": "Point", "coordinates": [16.40637, 48.22355]}}, {"type": "Feature", "properties": {"old": "Admiral-Scheer-Straße", "new": "Wehlistraße", "st": "AdmiralScheer AdmiralScheer=Str. 32—", "hn": "38", "n": 102, "year": "1940"}, "geometry": {"type": "Point", "coordinates": [16.40747, 48.22356]}}, {"type": "Feature", "properties": {"old": "Gustloffgasse", "new": "Teschnergasse", "st": "Gustloffg.", "hn": "3", "n": 2, "year": "1940"}, "geometry": {"type": "Point", "coordinates": [16.33603, 48.22359]}}, {"type": "Feature", "properties": {"old": "Josef-Hackel-Gasse", "new": "Antonigasse", "st": "Josef Hackel=G.", "hn": "57", "n": 1, "year": "1940"}, "geometry": {"type": "Point", "coordinates": [16.335, 48.2236]}}, {"type": "Feature", "properties": {"old": "Josef-Hackel-Gasse", "new": "Antonigasse", "st": "Josef Hackel=G.", "hn": "60", "n": 1, "year": "1940"}, "geometry": {"type": "Point", "coordinates": [16.3353, 48.2236]}}, {"type": "Feature", "properties": {"old": "Reichsbrückenstraße", "new": "Lassallestraße", "st": "Reichsbrückenstraße", "hn": "13", "n": 5, "year": "1940"}, "geometry": {"type": "Point", "coordinates": [16.4006, 48.2236]}}, {"type": "Feature", "properties": {"old": "Admiral-Scheer-Straße", "new": "Wehlistraße", "st": "Admiral=ScheerStraße", "hn": "174", "n": 9, "year": "1940"}, "geometry": {"type": "Point", "coordinates": [16.4058, 48.2236]}}, {"type": "Feature", "properties": {"old": "Admiral-Scheer-Straße", "new": "Wehlistraße", "st": "Admiral=ScheerStraße", "hn": "153", "n": 33, "year": "1940"}, "geometry": {"type": "Point", "coordinates": [16.4064, 48.2236]}}, {"type": "Feature", "properties": {"old": "Erzherzog-Karl-Platz", "new": "Mexikoplatz", "st": "Erzherzog Karl Platz", "hn": "16", "n": 13, "year": "1940"}, "geometry": {"type": "Point", "coordinates": [16.4052, 48.22363]}}, {"type": "Feature", "properties": {"old": "Admiral-Scheer-Straße", "new": "Wehlistraße", "st": "AdmiralScheer AdmiralScheer=Str.", "hn": "174", "n": 4, "year": "1940"}, "geometry": {"type": "Point", "coordinates": [16.40579, 48.22363]}}, {"type": "Feature", "properties": {"old": "Reichsbrückenstraße", "new": "Lassallestraße", "st": "Reichsbrückenstr", "hn": "13", "n": 19, "year": "1940"}, "geometry": {"type": "Point", "coordinates": [16.40061, 48.22364]}}, {"type": "Feature", "properties": {"old": "Erzherzog-Karl-Platz", "new": "Mexikoplatz", "st": "Erzherzog Karl=Platz", "hn": "19", "n": 24, "year": "1940"}, "geometry": {"type": "Point", "coordinates": [16.40391, 48.22369]}}, {"type": "Feature", "properties": {"old": "Josef-Hackel-Gasse", "new": "Antonigasse", "st": "Josef=Hackel=G.", "hn": "62", "n": 6, "year": "1940"}, "geometry": {"type": "Point", "coordinates": [16.3352, 48.2237]}}, {"type": "Feature", "properties": {"old": "Reichsbrückenstraße", "new": "Lassallestraße", "st": "Reichsbrückenstr", "hn": "15", "n": 19, "year": "1940"}, "geometry": {"type": "Point", "coordinates": [16.40081, 48.22375]}}, {"type": "Feature", "properties": {"old": "Erzherzog-Karl-Platz", "new": "Mexikoplatz", "st": "Erzh. Karl-Platz", "hn": "15", "n": 16, "year": "1940"}, "geometry": {"type": "Point", "coordinates": [16.40542, 48.22375]}}, {"type": "Feature", "properties": {"old": "Josef-Hackel-Gasse", "new": "Antonigasse", "st": "Josef=Hackel=G.", "hn": "64", "n": 3, "year": "1940"}, "geometry": {"type": "Point", "coordinates": [16.335, 48.2238]}}, {"type": "Feature", "properties": {"old": "Reichsbrückenstraße", "new": "Lassallestraße", "st": "Reichsbrückenstr", "hn": "17", "n": 16, "year": "1940"}, "geometry": {"type": "Point", "coordinates": [16.40101, 48.22386]}}, {"type": "Feature", "properties": {"old": "Eckermanngasse", "new": "Spinozagasse", "st": "Eckermanng.", "hn": "25", "n": 1, "year": "1940"}, "geometry": {"type": "Point", "coordinates": [16.2994, 48.2239]}}, {"type": "Feature", "properties": {"old": "Eckermanngasse", "new": "Spinozagasse", "st": "Eckermanng.", "hn": "23", "n": 1, "year": "1940"}, "geometry": {"type": "Point", "coordinates": [16.3002, 48.2239]}}, {"type": "Feature", "properties": {"old": "Josef-Hackel-Gasse", "new": "Antonigasse", "st": "Josef HackelGasse", "hn": "63", "n": 1, "year": "1940"}, "geometry": {"type": "Point", "coordinates": [16.3343, 48.2239]}}, {"type": "Feature", "properties": {"old": "Reichsbrückenstraße", "new": "Lassallestraße", "st": "Reichsbrückenstraße", "hn": "17", "n": 3, "year": "1940"}, "geometry": {"type": "Point", "coordinates": [16.401, 48.2239]}}, {"type": "Feature", "properties": {"old": "Admiral-Scheer-Straße", "new": "Wehlistraße", "st": "Admiral=ScheerStraße", "hn": "156", "n": 80, "year": "1940"}, "geometry": {"type": "Point", "coordinates": [16.4061, 48.2239]}}, {"type": "Feature", "properties": {"old": "Erzherzog-Karl-Platz", "new": "Mexikoplatz", "st": "Erzh. Karl-Platz", "hn": "20", "n": 59, "year": "1940"}, "geometry": {"type": "Point", "coordinates": [16.40362, 48.22392]}}, {"type": "Feature", "properties": {"old": "Reichsbrückenstraße", "new": "Lassallestraße", "st": "Reichsbrückenstr", "hn": "42", "n": 9, "year": "1940"}, "geometry": {"type": "Point", "coordinates": [16.40246, 48.22399]}}, {"type": "Feature", "properties": {"old": "Josef-Hackel-Gasse", "new": "Antonigasse", "st": "Josef Hackel=G.", "hn": "65", "n": 1, "year": "1940"}, "geometry": {"type": "Point", "coordinates": [16.3341, 48.224]}}, {"type": "Feature", "properties": {"old": "Reichsbrückenstraße", "new": "Lassallestraße", "st": "Reichsbrückenstraße", "hn": "42", "n": 1, "year": "1940"}, "geometry": {"type": "Point", "coordinates": [16.4025, 48.224]}}, {"type": "Feature", "properties": {"old": "Gustloffgasse", "new": "Teschnergasse", "st": "Gustloffg.", "hn": "6", "n": 15, "year": "1940"}, "geometry": {"type": "Point", "coordinates": [16.33682, 48.22405]}}, {"type": "Feature", "properties": {"old": "Reichsbrückenstraße", "new": "Lassallestraße", "st": "Reichsbrückenstr", "hn": "44", "n": 13, "year": "1940"}, "geometry": {"type": "Point", "coordinates": [16.40272, 48.22408]}}, {"type": "Feature", "properties": {"old": "Eckermanngasse", "new": "Spinozagasse", "st": "Eckermanng.", "hn": "24", "n": 1, "year": "1940"}, "geometry": {"type": "Point", "coordinates": [16.2997, 48.2241]}}, {"type": "Feature", "properties": {"old": "Reichsbrückenstraße", "new": "Lassallestraße", "st": "Reichsbrückenstraße", "hn": "44", "n": 1, "year": "1940"}, "geometry": {"type": "Point", "coordinates": [16.4027, 48.2241]}}, {"type": "Feature", "properties": {"old": "Erzherzog-Karl-Platz", "new": "Mexikoplatz", "st": "Erzh. Karl-Platz", "hn": "21", "n": 20, "year": "1940"}, "geometry": {"type": "Point", "coordinates": [16.40333, 48.22416]}}, {"type": "Feature", "properties": {"old": "Reichsbrückenstraße", "new": "Lassallestraße", "st": "Reichsbrückenstraße 40, Wohn. Erzh. Karl=Platz", "hn": "21", "n": 1, "year": "1940"}, "geometry": {"type": "Point", "coordinates": [16.40136, 48.22418]}}, {"type": "Feature", "properties": {"old": "Gustloffgasse", "new": "Teschnergasse", "st": "Gustloff=G.", "hn": "8", "n": 22, "year": "1940"}, "geometry": {"type": "Point", "coordinates": [16.33701, 48.22426]}}, {"type": "Feature", "properties": {"old": "Reichsbrückenstraße", "new": "Lassallestraße", "st": "Reichsbrückenstr", "hn": "46", "n": 12, "year": "1940"}, "geometry": {"type": "Point", "coordinates": [16.40288, 48.22426]}}, {"type": "Feature", "properties": {"old": "Josef-Hackel-Gasse", "new": "Antonigasse", "st": "Josef HackelGasse", "hn": "69", "n": 7, "year": "1940"}, "geometry": {"type": "Point", "coordinates": [16.3335, 48.2243]}}, {"type": "Feature", "properties": {"old": "Reichsbrückenstraße", "new": "Lassallestraße", "st": "Reichsbrückenstraße", "hn": "46", "n": 2, "year": "1940"}, "geometry": {"type": "Point", "coordinates": [16.4029, 48.2243]}}, {"type": "Feature", "properties": {"old": "Gustloffgasse", "new": "Teschnergasse", "st": "Gustloffg.", "hn": "7", "n": 15, "year": "1940"}, "geometry": {"type": "Point", "coordinates": [16.33673, 48.22431]}}, {"type": "Feature", "properties": {"old": "Josef-Hackel-Gasse", "new": "Antonigasse", "st": "Josef=HackelGasse", "hn": "", "n": 23, "year": "1940"}, "geometry": {"type": "Point", "coordinates": [16.3326, 48.2244]}}, {"type": "Feature", "properties": {"old": "Josef-Hackel-Gasse", "new": "Antonigasse", "st": "Josef=Hackel=G.", "hn": "73", "n": 1, "year": "1940"}, "geometry": {"type": "Point", "coordinates": [16.3332, 48.2244]}}, {"type": "Feature", "properties": {"old": "Gustloffgasse", "new": "Teschnergasse", "st": "Gustloffg.", "hn": "9", "n": 20, "year": "1940"}, "geometry": {"type": "Point", "coordinates": [16.33686, 48.22444]}}, {"type": "Feature", "properties": {"old": "Gustloffgasse", "new": "Teschnergasse", "st": "Gustloffg.", "hn": "10", "n": 20, "year": "1940"}, "geometry": {"type": "Point", "coordinates": [16.33722, 48.22447]}}, {"type": "Feature", "properties": {"old": "Bergmeistergasse", "new": "Goldscheid-Gasse", "st": "Bergmeisterg.", "hn": "13", "n": 5, "year": "1940"}, "geometry": {"type": "Point", "coordinates": [16.3006, 48.2245]}}, {"type": "Feature", "properties": {"old": "Josef-Hackel-Gasse", "new": "Antonigasse", "st": "Josef=Hackel=G.", "hn": "77", "n": 2, "year": "1940"}, "geometry": {"type": "Point", "coordinates": [16.3329, 48.2245]}}, {"type": "Feature", "properties": {"old": "Reichsbrückenstraße", "new": "Lassallestraße", "st": "Reichsbrückenstraße", "hn": "25", "n": 2, "year": "1940"}, "geometry": {"type": "Point", "coordinates": [16.4021, 48.2245]}}, {"type": "Feature", "properties": {"old": "Reichsbrückenstraße", "new": "Lassallestraße", "st": "Reichsbrückenstr", "hn": "25", "n": 6, "year": "1940"}, "geometry": {"type": "Point", "coordinates": [16.40212, 48.22455]}}, {"type": "Feature", "properties": {"old": "Josef-Hackel-Gasse", "new": "Antonigasse", "st": "Josef=Hackel=G.", "hn": "79", "n": 1, "year": "1940"}, "geometry": {"type": "Point", "coordinates": [16.3327, 48.2247]}}, {"type": "Feature", "properties": {"old": "Josef-Hackel-Gasse", "new": "Antonigasse", "st": "Josef=HackelGasse", "hn": "83", "n": 2, "year": "1940"}, "geometry": {"type": "Point", "coordinates": [16.3324, 48.2248]}}, {"type": "Feature", "properties": {"old": "Gustloffgasse", "new": "Teschnergasse", "st": "Gustloffg.", "hn": "14", "n": 13, "year": "1940"}, "geometry": {"type": "Point", "coordinates": [16.3376, 48.22487]}}, {"type": "Feature", "properties": {"old": "Erzherzog-Karl-Platz", "new": "Mexikoplatz", "st": "Erzh. Karl-Platz", "hn": "23", "n": 13, "year": "1940"}, "geometry": {"type": "Point", "coordinates": [16.40243, 48.22488]}}, {"type": "Feature", "properties": {"old": "Gustloffgasse", "new": "Teschnergasse", "st": "Gustloffg.", "hn": "15", "n": 13, "year": "1940"}, "geometry": {"type": "Point", "coordinates": [16.33737, 48.22498]}}, {"type": "Feature", "properties": {"old": "Josef-Hackel-Gasse", "new": "Antonigasse", "st": "Josef=HackelGasse", "hn": "78", "n": 2, "year": "1940"}, "geometry": {"type": "Point", "coordinates": [16.3325, 48.225]}}, {"type": "Feature", "properties": {"old": "Erzherzog-Karl-Platz", "new": "Mexikoplatz", "st": "Erzh. Karl-Platz", "hn": "24", "n": 14, "year": "1940"}, "geometry": {"type": "Point", "coordinates": [16.40228, 48.22501]}}, {"type": "Feature", "properties": {"old": "Gustloffgasse", "new": "Teschnergasse", "st": "Leitermayerg 35/37, Wohn. Gustloffg.", "hn": "16", "n": 1, "year": "1940"}, "geometry": {"type": "Point", "coordinates": [16.33785, 48.22502]}}, {"type": "Feature", "properties": {"old": "Gustloffgasse", "new": "Teschnergasse", "st": "Gustloffg.", "hn": "20", "n": 3, "year": "1940"}, "geometry": {"type": "Point", "coordinates": [16.33836, 48.22504]}}, {"type": "Feature", "properties": {"old": "Erzherzog-Karl-Platz", "new": "Mexikoplatz", "st": "Erzh. Karl=Platz Nr. 19. Wohn", "hn": "", "n": 41, "year": "1940"}, "geometry": {"type": "Point", "coordinates": [16.40405, 48.22506]}}, {"type": "Feature", "properties": {"old": "Gustloffgasse", "new": "Teschnergasse", "st": "Gustloffg.", "hn": "17", "n": 17, "year": "1940"}, "geometry": {"type": "Point", "coordinates": [16.3375, 48.22511]}}, {"type": "Feature", "properties": {"old": "Gustloffgasse", "new": "Teschnergasse", "st": "Gustloffg. 10, Wohn", "hn": "", "n": 98, "year": "1940"}, "geometry": {"type": "Point", "coordinates": [16.33752, 48.22512]}}, {"type": "Feature", "properties": {"old": "Gustloffgasse", "new": "Teschnergasse", "st": "Gustloffg.", "hn": "18", "n": 10, "year": "1940"}, "geometry": {"type": "Point", "coordinates": [16.338, 48.22518]}}, {"type": "Feature", "properties": {"old": "Althanplatz", "new": "Julius-Tandler-Platz", "st": "Althanplatz", "hn": "", "n": 1, "year": "1940"}, "geometry": {"type": "Point", "coordinates": [16.36057, 48.22518]}}, {"type": "Feature", "properties": {"old": "Althanplatz", "new": "Julius-Tandler-Platz", "st": "Althanplatz", "hn": "10", "n": 3, "year": "1940"}, "geometry": {"type": "Point", "coordinates": [16.36078, 48.22523]}}, {"type": "Feature", "properties": {"old": "Josef-Hackel-Gasse", "new": "Antonigasse", "st": "Josef=HackelGasse", "hn": "84", "n": 1, "year": "1940"}, "geometry": {"type": "Point", "coordinates": [16.3317, 48.2253]}}, {"type": "Feature", "properties": {"old": "Erzherzog-Karl-Platz", "new": "Mexikoplatz", "st": "Erzh. Karl-Platz", "hn": "25", "n": 29, "year": "1940"}, "geometry": {"type": "Point", "coordinates": [16.40176, 48.22531]}}, {"type": "Feature", "properties": {"old": "Josef-Hackel-Gasse", "new": "Antonigasse", "st": "JosefHackel JosefHackel=G.", "hn": "88", "n": 1, "year": "1940"}, "geometry": {"type": "Point", "coordinates": [16.33141, 48.22536]}}, {"type": "Feature", "properties": {"old": "Althanplatz", "new": "Julius-Tandler-Platz", "st": "Althanplatz", "hn": "8", "n": 3, "year": "1940"}, "geometry": {"type": "Point", "coordinates": [16.36149, 48.22539]}}, {"type": "Feature", "properties": {"old": "Josef-Hackel-Gasse", "new": "Antonigasse", "st": "Josef=HackelGasse", "hn": "97", "n": 1, "year": "1940"}, "geometry": {"type": "Point", "coordinates": [16.3306, 48.2254]}}, {"type": "Feature", "properties": {"old": "Josef-Hackel-Gasse", "new": "Antonigasse", "st": "Josef=Hackel=G.", "hn": "88", "n": 4, "year": "1940"}, "geometry": {"type": "Point", "coordinates": [16.3314, 48.2254]}}, {"type": "Feature", "properties": {"old": "Gustloffgasse", "new": "Teschnergasse", "st": "Gustloffg.", "hn": "21", "n": 10, "year": "1940"}, "geometry": {"type": "Point", "coordinates": [16.33784, 48.22547]}}, {"type": "Feature", "properties": {"old": "Josef-Hackel-Gasse", "new": "Antonigasse", "st": "Josef Hackel=G.", "hn": "99", "n": 2, "year": "1940"}, "geometry": {"type": "Point", "coordinates": [16.3304, 48.2255]}}, {"type": "Feature", "properties": {"old": "Josef-Hackel-Gasse", "new": "Antonigasse", "st": "Josef Hackel=G.", "hn": "90", "n": 4, "year": "1940"}, "geometry": {"type": "Point", "coordinates": [16.331, 48.2255]}}, {"type": "Feature", "properties": {"old": "Erzherzog-Karl-Platz", "new": "Mexikoplatz", "st": "Erzherzog Karl=Platz", "hn": "26", "n": 11, "year": "1940"}, "geometry": {"type": "Point", "coordinates": [16.40165, 48.22553]}}, {"type": "Feature", "properties": {"old": "Josef-Hackel-Gasse", "new": "Antonigasse", "st": "Josef=Hackel=G.", "hn": "92", "n": 3, "year": "1940"}, "geometry": {"type": "Point", "coordinates": [16.3307, 48.2256]}}, {"type": "Feature", "properties": {"old": "Gustloffgasse", "new": "Teschnergasse", "st": "Gustloffg.", "hn": "22", "n": 1, "year": "1940"}, "geometry": {"type": "Point", "coordinates": [16.33842, 48.22564]}}, {"type": "Feature", "properties": {"old": "Althanplatz", "new": "Julius-Tandler-Platz", "st": "Althanplatz", "hn": "2", "n": 2, "year": "1940"}, "geometry": {"type": "Point", "coordinates": [16.36028, 48.22564]}}, {"type": "Feature", "properties": {"old": "Josef-Hackel-Gasse", "new": "Antonigasse", "st": "Josef=HackelGasse", "hn": "94", "n": 3, "year": "1940"}, "geometry": {"type": "Point", "coordinates": [16.3306, 48.2257]}}, {"type": "Feature", "properties": {"old": "Krütznergasse", "new": "Exnergasse", "st": "Krütznergasse", "hn": "3", "n": 13, "year": "1940"}, "geometry": {"type": "Point", "coordinates": [16.3486, 48.2257]}}, {"type": "Feature", "properties": {"old": "Josef-Hackel-Gasse", "new": "Antonigasse", "st": "JosefHackel JosefHackel=G.", "hn": "94", "n": 3, "year": "1940"}, "geometry": {"type": "Point", "coordinates": [16.33058, 48.22571]}}, {"type": "Feature", "properties": {"old": "Josef-Hackel-Gasse", "new": "Antonigasse", "st": "Josef=HackelGasse", "hn": "105", "n": 1, "year": "1940"}, "geometry": {"type": "Point", "coordinates": [16.3295, 48.2258]}}, {"type": "Feature", "properties": {"old": "Krütznergasse", "new": "Exnergasse", "st": "Krütznergasse", "hn": "4", "n": 16, "year": "1940"}, "geometry": {"type": "Point", "coordinates": [16.3487, 48.2258]}}, {"type": "Feature", "properties": {"old": "Gustloffgasse", "new": "Teschnergasse", "st": "Gustloffg.", "hn": "25", "n": 21, "year": "1940"}, "geometry": {"type": "Point", "coordinates": [16.33802, 48.22581]}}, {"type": "Feature", "properties": {"old": "Althanplatz", "new": "Julius-Tandler-Platz", "st": "Althanplatz", "hn": "2A", "n": 1, "year": "1940"}, "geometry": {"type": "Point", "coordinates": [16.36023, 48.22583]}}, {"type": "Feature", "properties": {"old": "Althanplatz", "new": "Julius-Tandler-Platz", "st": "Althanplatz", "hn": "5", "n": 2, "year": "1940"}, "geometry": {"type": "Point", "coordinates": [16.36288, 48.2259]}}, {"type": "Feature", "properties": {"old": "Josef-Hackel-Gasse", "new": "Antonigasse", "st": "Josef=Hackel=G.", "hn": "98", "n": 4, "year": "1940"}, "geometry": {"type": "Point", "coordinates": [16.3299, 48.226]}}, {"type": "Feature", "properties": {"old": "Josef-Hackel-Gasse", "new": "Antonigasse", "st": "JosefHackel JosefHackel=G.", "hn": "100", "n": 1, "year": "1940"}, "geometry": {"type": "Point", "coordinates": [16.32977, 48.22609]}}, {"type": "Feature", "properties": {"old": "Josef-Hackel-Gasse", "new": "Antonigasse", "st": "Josef HackelGasse", "hn": "100", "n": 1, "year": "1940"}, "geometry": {"type": "Point", "coordinates": [16.3298, 48.2261]}}, {"type": "Feature", "properties": {"old": "Gustloffgasse", "new": "Teschnergasse", "st": "Gustloffg.", "hn": "29", "n": 10, "year": "1940"}, "geometry": {"type": "Point", "coordinates": [16.33834, 48.22614]}}, {"type": "Feature", "properties": {"old": "Althanplatz", "new": "Julius-Tandler-Platz", "st": "Althanplatz", "hn": "4", "n": 1, "year": "1940"}, "geometry": {"type": "Point", "coordinates": [16.36246, 48.22615]}}, {"type": "Feature", "properties": {"old": "Gustloffgasse", "new": "Teschnergasse", "st": "Gustloffg.", "hn": "31", "n": 20, "year": "1940"}, "geometry": {"type": "Point", "coordinates": [16.33839, 48.22628]}}, {"type": "Feature", "properties": {"old": "Althanplatz", "new": "Julius-Tandler-Platz", "st": "Althanplatz", "hn": "3", "n": 2, "year": "1940"}, "geometry": {"type": "Point", "coordinates": [16.36123, 48.22628]}}, {"type": "Feature", "properties": {"old": "Gustloffgasse", "new": "Teschnergasse", "st": "Gustloffg.", "hn": "33", "n": 17, "year": "1940"}, "geometry": {"type": "Point", "coordinates": [16.33829, 48.2265]}}, {"type": "Feature", "properties": {"old": "Gustloffgasse", "new": "Teschnergasse", "st": "Gustloffg.", "hn": "35", "n": 11, "year": "1940"}, "geometry": {"type": "Point", "coordinates": [16.33854, 48.22672]}}, {"type": "Feature", "properties": {"old": "Admiral-Scheer-Straße", "new": "Wehlistraße", "st": "Admiral=Scheer=Str.", "hn": "162", "n": 36, "year": "1940"}, "geometry": {"type": "Point", "coordinates": [16.4016, 48.2268]}}, {"type": "Feature", "properties": {"old": "Admiral-Scheer-Straße", "new": "Wehlistraße", "st": "AdmiralScheer AdmiralScheer=Str.", "hn": "162", "n": 5, "year": "1940"}, "geometry": {"type": "Point", "coordinates": [16.40164, 48.22681]}}, {"type": "Feature", "properties": {"old": "Gustloffgasse", "new": "Teschnergasse", "st": "Gustloffg.", "hn": "37", "n": 10, "year": "1940"}, "geometry": {"type": "Point", "coordinates": [16.33861, 48.22689]}}, {"type": "Feature", "properties": {"old": "Admiral-Scheer-Straße", "new": "Wehlistraße", "st": "Admiral=ScheerStraße", "hn": "160", "n": 24, "year": "1940"}, "geometry": {"type": "Point", "coordinates": [16.4014, 48.227]}}, {"type": "Feature", "properties": {"old": "Admiral-Scheer-Straße", "new": "Wehlistraße", "st": "AdmtralScheer AdmtralScheer=Str.", "hn": "160", "n": 5, "year": "1940"}, "geometry": {"type": "Point", "coordinates": [16.40139, 48.22702]}}, {"type": "Feature", "properties": {"old": "Gustloffgasse", "new": "Teschnergasse", "st": "Gustloffg.", "hn": "39", "n": 18, "year": "1940"}, "geometry": {"type": "Point", "coordinates": [16.33866, 48.22705]}}, {"type": "Feature", "properties": {"old": "Erzherzog-Karl-Platz", "new": "Mexikoplatz", "st": "Erzh. Karl-Platz", "hn": "2", "n": 1, "year": "1940"}, "geometry": {"type": "Point", "coordinates": [16.4027, 48.22719]}}, {"type": "Feature", "properties": {"old": "Admiral-Scheer-Straße", "new": "Wehlistraße", "st": "Admiral Scheer=Str.", "hn": "141", "n": 1, "year": "1940"}, "geometry": {"type": "Point", "coordinates": [16.4019, 48.2272]}}, {"type": "Feature", "properties": {"old": "Gustloffgasse", "new": "Teschnergasse", "st": "Gustloffg.", "hn": "41", "n": 7, "year": "1940"}, "geometry": {"type": "Point", "coordinates": [16.33873, 48.22725]}}, {"type": "Feature", "properties": {"old": "Admiral-Scheer-Straße", "new": "Wehlistraße", "st": "Admiral=Scheer=Str. Nr.", "hn": "158", "n": 5, "year": "1940"}, "geometry": {"type": "Point", "coordinates": [16.40116, 48.22731]}}, {"type": "Feature", "properties": {"old": "Admiral-Scheer-Straße", "new": "Wehlistraße", "st": "AdmiralScheer AdmiralScheer=Str.", "hn": "156", "n": 4, "year": "1940"}, "geometry": {"type": "Point", "coordinates": [16.40095, 48.22749]}}, {"type": "Feature", "properties": {"old": "Admiral-Scheer-Straße", "new": "Wehlistraße", "st": "AdmiralScheer AdmiralScheer=Str.", "hn": "148", "n": 7, "year": "1940"}, "geometry": {"type": "Point", "coordinates": [16.39988, 48.22838]}}, {"type": "Feature", "properties": {"old": "Admiral-Scheer-Straße", "new": "Wehlistraße", "st": "Admiral Scheer=Str.", "hn": "148", "n": 20, "year": "1940"}, "geometry": {"type": "Point", "coordinates": [16.3999, 48.2284]}}, {"type": "Feature", "properties": {"old": "Admiral-Scheer-Straße", "new": "Wehlistraße", "st": "Admiral=Scheer=Str.", "hn": "146", "n": 17, "year": "1940"}, "geometry": {"type": "Point", "coordinates": [16.3997, 48.2285]}}, {"type": "Feature", "properties": {"old": "Admiral-Scheer-Straße", "new": "Wehlistraße", "st": "AdmiralScheer AdmiralScheer=Str.", "hn": "146", "n": 8, "year": "1940"}, "geometry": {"type": "Point", "coordinates": [16.39971, 48.22854]}}, {"type": "Feature", "properties": {"old": "Admiral-Scheer-Straße", "new": "Wehlistraße", "st": "Admtral=Scheer=Str.", "hn": "144", "n": 9, "year": "1940"}, "geometry": {"type": "Point", "coordinates": [16.39953, 48.22869]}}, {"type": "Feature", "properties": {"old": "Admiral-Scheer-Straße", "new": "Wehlistraße", "st": "Admiral=Scheer=Str.", "hn": "144", "n": 28, "year": "1940"}, "geometry": {"type": "Point", "coordinates": [16.3995, 48.2287]}}, {"type": "Feature", "properties": {"old": "Admiral-Scheer-Straße", "new": "Wehlistraße", "st": "AdmiralScheer AdmiralScheer=Str.", "hn": "142", "n": 11, "year": "1940"}, "geometry": {"type": "Point", "coordinates": [16.39926, 48.22889]}}, {"type": "Feature", "properties": {"old": "Admiral-Scheer-Straße", "new": "Wehlistraße", "st": "Admiral=Scheer=Str.", "hn": "142", "n": 13, "year": "1940"}, "geometry": {"type": "Point", "coordinates": [16.3993, 48.2289]}}, {"type": "Feature", "properties": {"old": "Admiral-Scheer-Straße", "new": "Wehlistraße", "st": "AdmiralScheer AdmiralScheer=Str.", "hn": "140", "n": 6, "year": "1940"}, "geometry": {"type": "Point", "coordinates": [16.39906, 48.22907]}}, {"type": "Feature", "properties": {"old": "Admiral-Scheer-Straße", "new": "Wehlistraße", "st": "Admiral=Scheer=Str.", "hn": "140", "n": 25, "year": "1940"}, "geometry": {"type": "Point", "coordinates": [16.3991, 48.2291]}}, {"type": "Feature", "properties": {"old": "Admiral-Scheer-Straße", "new": "Wehlistraße", "st": "Admiral=ScheerStraße", "hn": "138", "n": 22, "year": "1940"}, "geometry": {"type": "Point", "coordinates": [16.3989, 48.2292]}}, {"type": "Feature", "properties": {"old": "Admiral-Scheer-Straße", "new": "Wehlistraße", "st": "AdmiralScheer AdmiralScheer=Str.", "hn": "138", "n": 3, "year": "1940"}, "geometry": {"type": "Point", "coordinates": [16.39886, 48.22924]}}, {"type": "Feature", "properties": {"old": "Admiral-Scheer-Straße", "new": "Wehlistraße", "st": "Admiral Scheer=Str.", "hn": "136", "n": 16, "year": "1940"}, "geometry": {"type": "Point", "coordinates": [16.3986, 48.2294]}}, {"type": "Feature", "properties": {"old": "Admiral-Scheer-Straße", "new": "Wehlistraße", "st": "AdmiralScheer AdmiralScheer=Str.", "hn": "136", "n": 1, "year": "1940"}, "geometry": {"type": "Point", "coordinates": [16.39861, 48.22943]}}, {"type": "Feature", "properties": {"old": "Heilbronner Straße", "new": "Thimiggasse", "st": "Heilbronner Str.", "hn": "3", "n": 1, "year": "1940"}, "geometry": {"type": "Point", "coordinates": [16.32824, 48.23033]}}, {"type": "Feature", "properties": {"old": "Heilbronner Straße", "new": "Thimiggasse", "st": "Gersthofer Str. 2A, Wohn. Heilbronner Str.", "hn": "5", "n": 3, "year": "1940"}, "geometry": {"type": "Point", "coordinates": [16.32812, 48.23035]}}, {"type": "Feature", "properties": {"old": "Heilbronner Straße", "new": "Thimiggasse", "st": "Heilbronner Straße", "hn": "7", "n": 3, "year": "1940"}, "geometry": {"type": "Point", "coordinates": [16.32799, 48.23037]}}, {"type": "Feature", "properties": {"old": "Heilbronner Straße", "new": "Thimiggasse", "st": "Heilbronner Str.", "hn": "9", "n": 2, "year": "1940"}, "geometry": {"type": "Point", "coordinates": [16.32787, 48.23039]}}, {"type": "Feature", "properties": {"old": "Burgkmairgasse", "new": "Fleschgasse", "st": "Burgkmairgasse", "hn": "15", "n": 7, "year": "1940"}, "geometry": {"type": "Point", "coordinates": [16.5189, 48.2304]}}, {"type": "Feature", "properties": {"old": "Heilbronner Straße", "new": "Thimiggasse", "st": "Heilbronner Str.", "hn": "11", "n": 1, "year": "1940"}, "geometry": {"type": "Point", "coordinates": [16.32771, 48.23041]}}, {"type": "Feature", "properties": {"old": "Heilbronner Straße", "new": "Thimiggasse", "st": "Heilbronner Straße", "hn": "13", "n": 2, "year": "1940"}, "geometry": {"type": "Point", "coordinates": [16.32751, 48.23044]}}, {"type": "Feature", "properties": {"old": "Heilbronner Straße", "new": "Thimiggasse", "st": "Heilbronner Str.", "hn": "15", "n": 1, "year": "1940"}, "geometry": {"type": "Point", "coordinates": [16.32731, 48.23047]}}, {"type": "Feature", "properties": {"old": "Heilbronner Straße", "new": "Thimiggasse", "st": "Heilbronner Straße", "hn": "4", "n": 8, "year": "1940"}, "geometry": {"type": "Point", "coordinates": [16.32819, 48.2305]}}, {"type": "Feature", "properties": {"old": "Heilbronner Straße", "new": "Thimiggasse", "st": "Heilbronner Straße", "hn": "6", "n": 2, "year": "1940"}, "geometry": {"type": "Point", "coordinates": [16.32806, 48.23053]}}, {"type": "Feature", "properties": {"old": "Heilbronner Straße", "new": "Thimiggasse", "st": "Heilbronner Str.", "hn": "8", "n": 1, "year": "1940"}, "geometry": {"type": "Point", "coordinates": [16.32793, 48.23055]}}, {"type": "Feature", "properties": {"old": "Heilbronner Straße", "new": "Thimiggasse", "st": "Heilbronner Straße", "hn": "10", "n": 3, "year": "1940"}, "geometry": {"type": "Point", "coordinates": [16.3278, 48.23057]}}, {"type": "Feature", "properties": {"old": "Heilbronner Straße", "new": "Thimiggasse", "st": "Heilbronner Straße", "hn": "19", "n": 5, "year": "1940"}, "geometry": {"type": "Point", "coordinates": [16.32657, 48.23058]}}, {"type": "Feature", "properties": {"old": "Heilbronner Straße", "new": "Thimiggasse", "st": "Heilbronner Str.", "hn": "12", "n": 2, "year": "1940"}, "geometry": {"type": "Point", "coordinates": [16.32768, 48.23059]}}, {"type": "Feature", "properties": {"old": "Heilbronner Straße", "new": "Thimiggasse", "st": "Heilbronner Str.", "hn": "21", "n": 7, "year": "1940"}, "geometry": {"type": "Point", "coordinates": [16.32638, 48.2306]}}, {"type": "Feature", "properties": {"old": "Burgkmairgasse", "new": "Fleschgasse", "st": "Burgkmairgasse", "hn": "17", "n": 3, "year": "1940"}, "geometry": {"type": "Point", "coordinates": [16.519, 48.2306]}}, {"type": "Feature", "properties": {"old": "Heilbronner Straße", "new": "Thimiggasse", "st": "Heilbronner Str.", "hn": "14", "n": 4, "year": "1940"}, "geometry": {"type": "Point", "coordinates": [16.32755, 48.23061]}}, {"type": "Feature", "properties": {"old": "Heilbronner Straße", "new": "Thimiggasse", "st": "Heilbronner Str.", "hn": "23", "n": 1, "year": "1940"}, "geometry": {"type": "Point", "coordinates": [16.3262, 48.23063]}}, {"type": "Feature", "properties": {"old": "Heilbronner Straße", "new": "Thimiggasse", "st": "Heilbronner Str.", "hn": "25", "n": 8, "year": "1940"}, "geometry": {"type": "Point", "coordinates": [16.32594, 48.23067]}}, {"type": "Feature", "properties": {"old": "Heilbronner Straße", "new": "Thimiggasse", "st": "Heilbronner Str.", "hn": "18", "n": 11, "year": "1940"}, "geometry": {"type": "Point", "coordinates": [16.32687, 48.2307]}}, {"type": "Feature", "properties": {"old": "Heilbronner Straße", "new": "Thimiggasse", "st": "Heilbronner Str.", "hn": "27", "n": 3, "year": "1940"}, "geometry": {"type": "Point", "coordinates": [16.32554, 48.23072]}}, {"type": "Feature", "properties": {"old": "Heilbronner Straße", "new": "Thimiggasse", "st": "Heilbronner Str.", "hn": "20", "n": 4, "year": "1940"}, "geometry": {"type": "Point", "coordinates": [16.32666, 48.23073]}}, {"type": "Feature", "properties": {"old": "Heilbronner Straße", "new": "Thimiggasse", "st": "Heilbronner Str.", "hn": "22", "n": 1, "year": "1940"}, "geometry": {"type": "Point", "coordinates": [16.32651, 48.23076]}}, {"type": "Feature", "properties": {"old": "Heilbronner Straße", "new": "Thimiggasse", "st": "Heilbronner Str.", "hn": "29", "n": 2, "year": "1940"}, "geometry": {"type": "Point", "coordinates": [16.32522, 48.23077]}}, {"type": "Feature", "properties": {"old": "Heilbronner Straße", "new": "Thimiggasse", "st": "Heilbronner Straße", "hn": "24", "n": 7, "year": "1940"}, "geometry": {"type": "Point", "coordinates": [16.32638, 48.23078]}}, {"type": "Feature", "properties": {"old": "Heilbronner Straße", "new": "Thimiggasse", "st": "Heilbronner Straße", "hn": "31", "n": 3, "year": "1940"}, "geometry": {"type": "Point", "coordinates": [16.32511, 48.23079]}}, {"type": "Feature", "properties": {"old": "Heilbronner Straße", "new": "Thimiggasse", "st": "Heilbronner Straße", "hn": "26", "n": 2, "year": "1940"}, "geometry": {"type": "Point", "coordinates": [16.32622, 48.2308]}}, {"type": "Feature", "properties": {"old": "Heilbronner Straße", "new": "Thimiggasse", "st": "Heilbronner Straße", "hn": "33", "n": 1, "year": "1940"}, "geometry": {"type": "Point", "coordinates": [16.32498, 48.23081]}}, {"type": "Feature", "properties": {"old": "Heilbronner Straße", "new": "Thimiggasse", "st": "Heilbronner Straße", "hn": "28", "n": 10, "year": "1940"}, "geometry": {"type": "Point", "coordinates": [16.32601, 48.23083]}}, {"type": "Feature", "properties": {"old": "Heilbronner Straße", "new": "Thimiggasse", "st": "Heilbronner Str.", "hn": "35", "n": 8, "year": "1940"}, "geometry": {"type": "Point", "coordinates": [16.32477, 48.23084]}}, {"type": "Feature", "properties": {"old": "Heilbronner Straße", "new": "Thimiggasse", "st": "Heilbronner Str.", "hn": "37", "n": 4, "year": "1940"}, "geometry": {"type": "Point", "coordinates": [16.3246, 48.23086]}}, {"type": "Feature", "properties": {"old": "Heilbronner Straße", "new": "Thimiggasse", "st": "Heilbronner Str.", "hn": "39", "n": 9, "year": "1940"}, "geometry": {"type": "Point", "coordinates": [16.32447, 48.23088]}}, {"type": "Feature", "properties": {"old": "Heilbronner Straße", "new": "Thimiggasse", "st": "Heilbronnerstr.", "hn": "30", "n": 6, "year": "1940"}, "geometry": {"type": "Point", "coordinates": [16.32548, 48.23091]}}, {"type": "Feature", "properties": {"old": "Heilbronner Straße", "new": "Thimiggasse", "st": "Heilbronner Straße", "hn": "30A", "n": 3, "year": "1940"}, "geometry": {"type": "Point", "coordinates": [16.32527, 48.23094]}}, {"type": "Feature", "properties": {"old": "Heilbronner Straße", "new": "Thimiggasse", "st": "Heilbronner Str.", "hn": "32", "n": 4, "year": "1940"}, "geometry": {"type": "Point", "coordinates": [16.32512, 48.23096]}}, {"type": "Feature", "properties": {"old": "Heilbronner Straße", "new": "Thimiggasse", "st": "Heilbronner Str.", "hn": "34", "n": 2, "year": "1940"}, "geometry": {"type": "Point", "coordinates": [16.32497, 48.23098]}}, {"type": "Feature", "properties": {"old": "Heilbronner Straße", "new": "Thimiggasse", "st": "Heilbronner Straße", "hn": "45", "n": 5, "year": "1940"}, "geometry": {"type": "Point", "coordinates": [16.32335, 48.231]}}, {"type": "Feature", "properties": {"old": "Heilbronner Straße", "new": "Thimiggasse", "st": "Heilbronner Str.", "hn": "38", "n": 2, "year": "1940"}, "geometry": {"type": "Point", "coordinates": [16.32467, 48.23102]}}, {"type": "Feature", "properties": {"old": "Heilbronner Straße", "new": "Thimiggasse", "st": "Heilbronner Str", "hn": "", "n": 31, "year": "1940"}, "geometry": {"type": "Point", "coordinates": [16.32412, 48.23103]}}, {"type": "Feature", "properties": {"old": "Heilbronner Straße", "new": "Thimiggasse", "st": "Heilbronner Str. Nr.", "hn": "47", "n": 2, "year": "1940"}, "geometry": {"type": "Point", "coordinates": [16.32319, 48.23106]}}, {"type": "Feature", "properties": {"old": "Heilbronner Straße", "new": "Thimiggasse", "st": "Heilbronner Str.", "hn": "42", "n": 14, "year": "1940"}, "geometry": {"type": "Point", "coordinates": [16.32388, 48.23114]}}, {"type": "Feature", "properties": {"old": "Heilbronner Straße", "new": "Thimiggasse", "st": "Heilbronner Straße", "hn": "40", "n": 6, "year": "1940"}, "geometry": {"type": "Point", "coordinates": [16.32437, 48.23116]}}, {"type": "Feature", "properties": {"old": "Heilbronner Straße", "new": "Thimiggasse", "st": "Heilbronner Straße", "hn": "44", "n": 2, "year": "1940"}, "geometry": {"type": "Point", "coordinates": [16.32365, 48.23117]}}, {"type": "Feature", "properties": {"old": "Heilbronner Straße", "new": "Thimiggasse", "st": "Heilbronner Str.", "hn": "46", "n": 3, "year": "1940"}, "geometry": {"type": "Point", "coordinates": [16.32348, 48.2312]}}, {"type": "Feature", "properties": {"old": "Heilbronner Straße", "new": "Thimiggasse", "st": "Heilbronner Straße", "hn": "48", "n": 3, "year": "1940"}, "geometry": {"type": "Point", "coordinates": [16.3233, 48.23122]}}, {"type": "Feature", "properties": {"old": "Heilbronner Straße", "new": "Thimiggasse", "st": "Heilbronner Straße", "hn": "61", "n": 12, "year": "1940"}, "geometry": {"type": "Point", "coordinates": [16.32143, 48.23128]}}, {"type": "Feature", "properties": {"old": "Heilbronner Straße", "new": "Thimiggasse", "st": "Heilbronner Str.", "hn": "54", "n": 2, "year": "1940"}, "geometry": {"type": "Point", "coordinates": [16.3223, 48.23135]}}, {"type": "Feature", "properties": {"old": "Heilbronner Straße", "new": "Thimiggasse", "st": "Heilbronner Str.", "hn": "50", "n": 1, "year": "1940"}, "geometry": {"type": "Point", "coordinates": [16.32313, 48.23141]}}, {"type": "Feature", "properties": {"old": "Heilbronner Straße", "new": "Thimiggasse", "st": "Heilbronner Straße", "hn": "52", "n": 1, "year": "1940"}, "geometry": {"type": "Point", "coordinates": [16.32297, 48.23144]}}, {"type": "Feature", "properties": {"old": "Heilbronner Straße", "new": "Thimiggasse", "st": "Heilbronner Str.", "hn": "58", "n": 9, "year": "1940"}, "geometry": {"type": "Point", "coordinates": [16.32141, 48.2315]}}, {"type": "Feature", "properties": {"old": "Heilbronner Straße", "new": "Thimiggasse", "st": "Heilbronner Straße", "hn": "82", "n": 3, "year": "1940"}, "geometry": {"type": "Point", "coordinates": [16.31788, 48.23188]}}, {"type": "Feature", "properties": {"old": "Heilbronner Straße", "new": "Thimiggasse", "st": "Heilbronner Str.", "hn": "80", "n": 2, "year": "1940"}, "geometry": {"type": "Point", "coordinates": [16.31813, 48.2319]}}, {"type": "Feature", "properties": {"old": "Heilbronner Straße", "new": "Thimiggasse", "st": "Heilbronner Str.", "hn": "78", "n": 1, "year": "1940"}, "geometry": {"type": "Point", "coordinates": [16.31872, 48.23192]}}, {"type": "Feature", "properties": {"old": "Heilbronner Straße", "new": "Thimiggasse", "st": "Heilbronner Str.", "hn": "76", "n": 2, "year": "1940"}, "geometry": {"type": "Point", "coordinates": [16.31889, 48.23194]}}, {"type": "Feature", "properties": {"old": "Barwiggasse", "new": "Spitzergasse", "st": "Barwiggasse", "hn": "3", "n": 1, "year": "1940"}, "geometry": {"type": "Point", "coordinates": [16.3137, 48.2373]}}, {"type": "Feature", "properties": {"old": "Barwiggasse", "new": "Spitzergasse", "st": "Barwiggasse", "hn": "2", "n": 1, "year": "1940"}, "geometry": {"type": "Point", "coordinates": [16.3131, 48.2374]}}, {"type": "Feature", "properties": {"old": "Feikestraße", "new": "Stromstraße", "st": "Feikestraße", "hn": "", "n": 2, "year": "1940"}, "geometry": {"type": "Point", "coordinates": [16.3727, 48.2375]}}, {"type": "Feature", "properties": {"old": "Admiral-Scheer-Straße", "new": "Wehlistraße", "st": "Admiral=Scheer=Str.", "hn": "96", "n": 5, "year": "1940"}, "geometry": {"type": "Point", "coordinates": [16.3879, 48.2382]}}, {"type": "Feature", "properties": {"old": "Admiral-Scheer-Straße", "new": "Wehlistraße", "st": "Admikal=Scheer=Str.", "hn": "88", "n": 1, "year": "1940"}, "geometry": {"type": "Point", "coordinates": [16.38791, 48.23821]}}, {"type": "Feature", "properties": {"old": "Ochsenheimerweg", "new": "Kornfeldweg", "st": "Ochsenheimerweg", "hn": "4", "n": 1, "year": "1940"}, "geometry": {"type": "Point", "coordinates": [16.4427, 48.2387]}}, {"type": "Feature", "properties": {"old": "Feikestraße", "new": "Stromstraße", "st": "Feikestraße", "hn": "19", "n": 1, "year": "1940"}, "geometry": {"type": "Point", "coordinates": [16.3758, 48.2389]}}, {"type": "Feature", "properties": {"old": "Feikestraße", "new": "Stromstraße", "st": "Feikestraße", "hn": "25", "n": 1, "year": "1940"}, "geometry": {"type": "Point", "coordinates": [16.3764, 48.2392]}}, {"type": "Feature", "properties": {"old": "Admiral-Scheer-Straße", "new": "Wehlistraße", "st": "Admiral=Scheer=Str.", "hn": "86", "n": 2, "year": "1940"}, "geometry": {"type": "Point", "coordinates": [16.3864, 48.2392]}}, {"type": "Feature", "properties": {"old": "Ochsenheimerweg", "new": "Kornfeldweg", "st": "Ochsenheimerweg", "hn": "6", "n": 1, "year": "1940"}, "geometry": {"type": "Point", "coordinates": [16.4425, 48.2394]}}, {"type": "Feature", "properties": {"old": "Hubert-KlausnerGasse", "new": "Osterleitengasse", "st": "Hubert=Klausner=G.", "hn": "10", "n": 1, "year": "1940"}, "geometry": {"type": "Point", "coordinates": [16.3569, 48.2396]}}, {"type": "Feature", "properties": {"old": "Hubert-KlausnerGasse", "new": "Osterleitengasse", "st": "Hubert Klausner=G.", "hn": "9", "n": 1, "year": "1940"}, "geometry": {"type": "Point", "coordinates": [16.3579, 48.2396]}}, {"type": "Feature", "properties": {"old": "Hubert-KlausnerGasse", "new": "Osterleitengasse", "st": "Hubert Klausner=G.", "hn": "2", "n": 7, "year": "1940"}, "geometry": {"type": "Point", "coordinates": [16.3553, 48.2397]}}, {"type": "Feature", "properties": {"old": "Hubert-KlausnerGasse", "new": "Osterleitengasse", "st": "Hubert=KlausnerGasse", "hn": "2B", "n": 5, "year": "1940"}, "geometry": {"type": "Point", "coordinates": [16.3559, 48.2397]}}, {"type": "Feature", "properties": {"old": "Hubert-KlausnerGasse", "new": "Osterleitengasse", "st": "Hubert=Klausner=G.", "hn": "4", "n": 4, "year": "1940"}, "geometry": {"type": "Point", "coordinates": [16.3562, 48.2397]}}, {"type": "Feature", "properties": {"old": "Hubert-KlausnerGasse", "new": "Osterleitengasse", "st": "Hubert=Klausner=G.", "hn": "7", "n": 1, "year": "1940"}, "geometry": {"type": "Point", "coordinates": [16.3571, 48.2397]}}, {"type": "Feature", "properties": {"old": "Feikestraße", "new": "Stromstraße", "st": "Feikestraße", "hn": "36", "n": 1, "year": "1940"}, "geometry": {"type": "Point", "coordinates": [16.3809, 48.2397]}}, {"type": "Feature", "properties": {"old": "Admiral-Scheer-Straße", "new": "Wehlistraße", "st": "Admiral=ScheerStraße", "hn": "70", "n": 46, "year": "1940"}, "geometry": {"type": "Point", "coordinates": [16.3865, 48.2397]}}, {"type": "Feature", "properties": {"old": "Admiral-Scheer-Straße", "new": "Wehlistraße", "st": "AdmiralScheer AdmiralScheer=Str.", "hn": "70", "n": 7, "year": "1940"}, "geometry": {"type": "Point", "coordinates": [16.38648, 48.23974]}}, {"type": "Feature", "properties": {"old": "Hubert-KlausnerGasse", "new": "Osterleitengasse", "st": "Hubert=Klausner=G.", "hn": "5", "n": 1, "year": "1940"}, "geometry": {"type": "Point", "coordinates": [16.3566, 48.2398]}}, {"type": "Feature", "properties": {"old": "Feikestraße", "new": "Stromstraße", "st": "Feikestraße 36—", "hn": "38", "n": 5, "year": "1940"}, "geometry": {"type": "Point", "coordinates": [16.3806, 48.2407]}}, {"type": "Feature", "properties": {"old": "Admiral-Scheer-Straße", "new": "Wehlistraße", "st": "Admiral=Scheer=Str., Pens. Kleingartenkol., beim Heustadlwasser, P.", "hn": "53", "n": 1, "year": "1940"}, "geometry": {"type": "Point", "coordinates": [16.38606, 48.24074]}}, {"type": "Feature", "properties": {"old": "Admiral-Scheer-Straße", "new": "Wehlistraße", "st": "Admiral=Scheer=Str., Kleingartenkolonie", "hn": "40", "n": 1, "year": "1940"}, "geometry": {"type": "Point", "coordinates": [16.38257, 48.24343]}}, {"type": "Feature", "properties": {"old": "Admiral-Scheer-Straße", "new": "Wehlistraße", "st": "Admiral=ScheerStraße 32—", "hn": "38", "n": 42, "year": "1940"}, "geometry": {"type": "Point", "coordinates": [16.3825, 48.2435]}}, {"type": "Feature", "properties": {"old": "Admiral-Scheer-Straße", "new": "Wehlistraße", "st": "Admiral=Scheer=Str. Nr.", "hn": "32", "n": 1, "year": "1940"}, "geometry": {"type": "Point", "coordinates": [16.38245, 48.24353]}}, {"type": "Feature", "properties": {"old": "Pater-Abel-Platz", "new": "Friedrich-Engels-Platz", "st": "Pater Abel-Platz", "hn": "21", "n": 5, "year": "1940"}, "geometry": {"type": "Point", "coordinates": [16.38066, 48.24378]}}, {"type": "Feature", "properties": {"old": "Pater-Abel-Platz", "new": "Friedrich-Engels-Platz", "st": "Pater Abel=Platz 17, Wohn. Nr.", "hn": "20", "n": 20, "year": "1940"}, "geometry": {"type": "Point", "coordinates": [16.38005, 48.24383]}}, {"type": "Feature", "properties": {"old": "Pater-Abel-Platz", "new": "Friedrich-Engels-Platz", "st": "Pater Abel-Platz", "hn": "19", "n": 36, "year": "1940"}, "geometry": {"type": "Point", "coordinates": [16.38053, 48.24397]}}, {"type": "Feature", "properties": {"old": "Pater-Abel-Platz", "new": "Friedrich-Engels-Platz", "st": "Pater Abel=Platz 9, Stiege", "hn": "15", "n": 3, "year": "1940"}, "geometry": {"type": "Point", "coordinates": [16.38186, 48.24461]}}, {"type": "Feature", "properties": {"old": "Stellwaggasse", "new": "Zuckerkandlgasse", "st": "Stellwagg.", "hn": "3", "n": 2, "year": "1940"}, "geometry": {"type": "Point", "coordinates": [16.3116, 48.2447]}}, {"type": "Feature", "properties": {"old": "Zumbuschgasse", "new": "Ruthgasse", "st": "Zumbuschgasse", "hn": "", "n": 6, "year": "1940"}, "geometry": {"type": "Point", "coordinates": [16.3545, 48.2451]}}, {"type": "Feature", "properties": {"old": "Stellwaggasse", "new": "Zuckerkandlgasse", "st": "Stellwagg.", "hn": "14", "n": 1, "year": "1940"}, "geometry": {"type": "Point", "coordinates": [16.3116, 48.2452]}}, {"type": "Feature", "properties": {"old": "Zumbuschgasse", "new": "Ruthgasse", "st": "Zumbuschgasse", "hn": "9", "n": 2, "year": "1940"}, "geometry": {"type": "Point", "coordinates": [16.3505, 48.2452]}}, {"type": "Feature", "properties": {"old": "Engelsplatz / Pater-Abel-Platz", "new": "Friedrich-Engels-Platz", "st": "Pater Abel=", "hn": "", "n": 38, "year": "1940"}, "geometry": {"type": "Point", "coordinates": [16.37898, 48.24523]}}, {"type": "Feature", "properties": {"old": "Pater-Abel-Platz", "new": "Friedrich-Engels-Platz", "st": "Pater Abel-Platz", "hn": "", "n": 16, "year": "1940"}, "geometry": {"type": "Point", "coordinates": [16.37788, 48.24531]}}, {"type": "Feature", "properties": {"old": "Pater-Abel-Platz", "new": "Friedrich-Engels-Platz", "st": "Pater Abel-Platz", "hn": "10", "n": 16, "year": "1940"}, "geometry": {"type": "Point", "coordinates": [16.37863, 48.24563]}}, {"type": "Feature", "properties": {"old": "Pater-Abel-Platz", "new": "Friedrich-Engels-Platz", "st": "Pater Abel-Platz", "hn": "9", "n": 221, "year": "1940"}, "geometry": {"type": "Point", "coordinates": [16.37919, 48.24565]}}, {"type": "Feature", "properties": {"old": "Pater-Abel-Platz", "new": "Friedrich-Engels-Platz", "st": "Pater Abel-Platz", "hn": "3", "n": 20, "year": "1940"}, "geometry": {"type": "Point", "coordinates": [16.37735, 48.24577]}}, {"type": "Feature", "properties": {"old": "Pater-Abel-Platz", "new": "Friedrich-Engels-Platz", "st": "Pater Abel-Platz", "hn": "", "n": 2, "year": "1940"}, "geometry": {"type": "Point", "coordinates": [16.37966, 48.24585]}}, {"type": "Feature", "properties": {"old": "Pater-Abel-Platz", "new": "Friedrich-Engels-Platz", "st": "Pater Abel-Platz", "hn": "4", "n": 10, "year": "1940"}, "geometry": {"type": "Point", "coordinates": [16.37752, 48.24587]}}, {"type": "Feature", "properties": {"old": "Pater-Abel-Platz", "new": "Friedrich-Engels-Platz", "st": "Pater Abel-Platz", "hn": "5", "n": 6, "year": "1940"}, "geometry": {"type": "Point", "coordinates": [16.37769, 48.24594]}}, {"type": "Feature", "properties": {"old": "Pater-Abel-Platz", "new": "Friedrich-Engels-Platz", "st": "Pater Abel-Platz", "hn": "6", "n": 11, "year": "1940"}, "geometry": {"type": "Point", "coordinates": [16.37785, 48.24602]}}, {"type": "Feature", "properties": {"old": "Pater-Abel-Platz", "new": "Friedrich-Engels-Platz", "st": "Pater Abel-Platz", "hn": "7", "n": 9, "year": "1940"}, "geometry": {"type": "Point", "coordinates": [16.37802, 48.24609]}}, {"type": "Feature", "properties": {"old": "Pater-Abel-Platz", "new": "Friedrich-Engels-Platz", "st": "Pater Abel-Platz", "hn": "8", "n": 18, "year": "1940"}, "geometry": {"type": "Point", "coordinates": [16.37824, 48.24613]}}, {"type": "Feature", "properties": {"old": "Pater-Abel-Platz", "new": "Friedrich-Engels-Platz", "st": "Pater Abel=Platz 12, Wohn", "hn": "", "n": 2, "year": "1940"}, "geometry": {"type": "Point", "coordinates": [16.38088, 48.24633]}}, {"type": "Feature", "properties": {"old": "Pater-Abel-Platz", "new": "Friedrich-Engels-Platz", "st": "Pater Abel-Platz", "hn": "2", "n": 1, "year": "1940"}, "geometry": {"type": "Point", "coordinates": [16.37642, 48.24634]}}, {"type": "Feature", "properties": {"old": "Pleischlgasse", "new": "Klabundgasse", "st": "Pleischlgasse", "hn": "3", "n": 7, "year": "1940"}, "geometry": {"type": "Point", "coordinates": [16.3576, 48.2464]}}, {"type": "Feature", "properties": {"old": "Dumreichergasse", "new": "Gersunygasse", "st": "Dumreichergasse", "hn": "392", "n": 3, "year": "1940"}, "geometry": {"type": "Point", "coordinates": [16.3439, 48.247]}}, {"type": "Feature", "properties": {"old": "Admiral-Scheer-Straße", "new": "Wehlistraße", "st": "Admiral=Scheer=Str.", "hn": "16", "n": 1, "year": "1940"}, "geometry": {"type": "Point", "coordinates": [16.3777, 48.2475]}}, {"type": "Feature", "properties": {"old": "Admiral-Scheer-Straße", "new": "Wehlistraße", "st": "AdmirnScheer AdmirnScheer=Str.", "hn": "16", "n": 1, "year": "1940"}, "geometry": {"type": "Point", "coordinates": [16.3777, 48.24754]}}, {"type": "Feature", "properties": {"old": "Dumreichergasse", "new": "Gersunygasse", "st": "Dumreichergasse", "hn": "7", "n": 1, "year": "1940"}, "geometry": {"type": "Point", "coordinates": [16.3436, 48.2481]}}, {"type": "Feature", "properties": {"old": "Dumreichergasse", "new": "Gersunygasse", "st": "Dumreichergasse", "hn": "14", "n": 2, "year": "1940"}, "geometry": {"type": "Point", "coordinates": [16.344, 48.2484]}}, {"type": "Feature", "properties": {"old": "Admiral-Scheer-Straße", "new": "Wehlistraße", "st": "Admiral=Scheer=Str.", "hn": "14", "n": 1, "year": "1940"}, "geometry": {"type": "Point", "coordinates": [16.3768, 48.2493]}}, {"type": "Feature", "properties": {"old": "Pfarrplatz", "new": "Hermaplatz", "st": "Pfarrplatz", "hn": "", "n": 14, "year": "1940"}, "geometry": {"type": "Point", "coordinates": [16.3581, 48.2549]}}, {"type": "Feature", "properties": {"old": "Silchergasse", "new": "Meyerbeergasse", "st": "Silcherg.", "hn": "2", "n": 1, "year": "1940"}, "geometry": {"type": "Point", "coordinates": [16.3754, 48.2718]}}, {"type": "Feature", "properties": {"old": "Silchergasse", "new": "Meyerbeergasse", "st": "Silcherg.", "hn": "4", "n": 1, "year": "1940"}, "geometry": {"type": "Point", "coordinates": [16.3756, 48.2719]}}, {"type": "Feature", "properties": {"old": "Silchergasse", "new": "Meyerbeergasse", "st": "Silcherg.", "hn": "10", "n": 1, "year": "1940"}, "geometry": {"type": "Point", "coordinates": [16.3765, 48.2721]}}, {"type": "Feature", "properties": {"old": "Silchergasse", "new": "Meyerbeergasse", "st": "Silcherg.", "hn": "14", "n": 1, "year": "1940"}, "geometry": {"type": "Point", "coordinates": [16.3769, 48.2722]}}, {"type": "Feature", "properties": {"old": "Silchergasse", "new": "Meyerbeergasse", "st": "Silcherg.", "hn": "17", "n": 9, "year": "1940"}, "geometry": {"type": "Point", "coordinates": [16.377, 48.2725]}}, {"type": "Feature", "properties": {"old": "Silchergasse", "new": "Meyerbeergasse", "st": "Silcherg.", "hn": "19", "n": 2, "year": "1940"}, "geometry": {"type": "Point", "coordinates": [16.3772, 48.2725]}}, {"type": "Feature", "properties": {"old": "Silchergasse", "new": "Meyerbeergasse", "st": "Silcherg.", "hn": "11C", "n": 1, "year": "1940"}, "geometry": {"type": "Point", "coordinates": [16.3765, 48.2728]}}, {"type": "Feature", "properties": {"old": "Zwillinggasse", "new": "Kinderasylgasse", "st": "Zwillinggasse", "hn": "", "n": 11, "year": "1940"}, "geometry": {"type": "Point", "coordinates": [16.3562, 48.274]}}, {"type": "Feature", "properties": {"old": "Tschechowgasse", "new": "Slatingasse", "st": "Tschechowgasse", "hn": "19", "n": 1, "year": "1940"}, "geometry": {"type": "Point", "coordinates": [16.3799, 48.2796]}}, {"type": "Feature", "properties": {"old": "Tschechowgasse", "new": "Slatingasse", "st": "Tschechowgasse", "hn": "21", "n": 1, "year": "1940"}, "geometry": {"type": "Point", "coordinates": [16.3801, 48.2796]}}, {"type": "Feature", "properties": {"old": "Tschechowgasse", "new": "Slatingasse", "st": "Tschechowgasse", "hn": "17", "n": 1, "year": "1940"}, "geometry": {"type": "Point", "coordinates": [16.3798, 48.2797]}}, {"type": "Feature", "properties": {"old": "Tschechowgasse", "new": "Slatingasse", "st": "Tschechowgasse", "hn": "", "n": 6, "year": "1940"}, "geometry": {"type": "Point", "coordinates": [16.3788, 48.2798]}}, {"type": "Feature", "properties": {"old": "Tschechowgasse", "new": "Slatingasse", "st": "Tschechowgasse", "hn": "7", "n": 1, "year": "1940"}, "geometry": {"type": "Point", "coordinates": [16.3791, 48.2798]}}, {"type": "Feature", "properties": {"old": "Schulbrüdergasse", "new": "Strebersdorfer Platz", "st": "Schulbrüderg", "hn": "", "n": 6, "year": "1940"}, "geometry": {"type": "Point", "coordinates": [16.3901, 48.2954]}}]}